08/07/2015,1438905600,6.04684E+11
08/08/2015,1438992000,3.22714E+11
08/09/2015,1439078400,4.75467E+11
08/10/2015,1439164800,4.21655E+11
08/11/2015,1439251200,77838819162
08/12/2015,1439337600,4.44902E+11
8/13/2015,1439424000,2.68683E+11
8/14/2015,1439510400,1.93455E+11
8/15/2015,1439596800,1.44369E+11
8/16/2015,1439683200,1.2094E+11
8/17/2015,1439769600,1.3215E+11
8/18/2015,1439856000,1.46513E+11
8/19/2015,1439942400,1.94583E+11
8/20/2015,1440028800,99011782801
8/21/2015,1440115200,79543407701
8/22/2015,1440201600,5.52841E+11
8/23/2015,1440288000,73439482806
8/24/2015,1440374400,92409814705
8/25/2015,1440460800,76432335617
8/26/2015,1440547200,60481160549
8/27/2015,1440633600,59307091958
8/28/2015,1440720000,92879907335
8/29/2015,1440806400,56211090684
8/30/2015,1440892800,55155494457
8/31/2015,1440979200,58423521569
09/01/2015,1441065600,56671549652
09/02/2015,1441152000,59243651401
09/03/2015,1441238400,55051483461
09/04/2015,1441324800,58779015464
09/05/2015,1441411200,54768144366
09/06/2015,1441497600,55089818552
09/07/2015,1441584000,53594260637
09/08/2015,1441670400,64932639811
09/09/2015,1441756800,53779997784
09/10/2015,1441843200,54630657670
09/11/2015,1441929600,55713802958
09/12/2015,1442016000,61830202468
9/13/2015,1442102400,52313524792
9/14/2015,1442188800,53772389657
9/15/2015,1442275200,53191101494
9/16/2015,1442361600,1.11519E+11
9/17/2015,1442448000,55637920883
9/18/2015,1442534400,55703151966
9/19/2015,1442620800,51639660974
9/20/2015,1442707200,52910345407
9/21/2015,1442793600,51171380285
9/22/2015,1442880000,51465441496
9/23/2015,1442966400,51732832046
9/24/2015,1443052800,54262646753
9/25/2015,1443139200,52300197415
9/26/2015,1443225600,55315658061
9/27/2015,1443312000,51025979902
9/28/2015,1443398400,52683661382
9/29/2015,1443484800,55437141860
9/30/2015,1443571200,51461473059
10/01/2015,1443657600,51474669294
10/02/2015,1443744000,52567714347
10/03/2015,1443830400,52502578427
10/04/2015,1443916800,50733256095
10/05/2015,1444003200,50742818443
10/06/2015,1444089600,51375494165
10/07/2015,1444176000,51181314265
10/08/2015,1444262400,56971870131
10/09/2015,1444348800,61962572208
10/10/2015,1444435200,64893302980
10/11/2015,1444521600,56318375319
10/12/2015,1444608000,51359902694
10/13/2015,1444694400,53219625156
10/14/2015,1444780800,57976429615
10/15/2015,1444867200,54823147993
10/16/2015,1444953600,53404946237
10/17/2015,1445040000,53619552703
10/18/2015,1445126400,52006592112
10/19/2015,1445212800,52456819761
10/20/2015,1445299200,53767556518
10/21/2015,1445385600,53588794315
10/22/2015,1445472000,57253941421
10/23/2015,1445558400,51207267003
10/24/2015,1445644800,50749518370
10/25/2015,1445731200,51635339670
10/26/2015,1445817600,54585998170
10/27/2015,1445904000,53525777571
10/28/2015,1445990400,54787998286
10/29/2015,1446076800,52364630378
10/30/2015,1446163200,54017718700
10/31/2015,1446249600,53753181787
11/01/2015,1446336000,50751088484
11/02/2015,1446422400,53162663704
11/03/2015,1446508800,51578536572
11/04/2015,1446595200,52243136362
11/05/2015,1446681600,52990311400
11/06/2015,1446768000,52184810513
11/07/2015,1446854400,51944373853
11/08/2015,1446940800,52414324288
11/09/2015,1447027200,51918274052
11/10/2015,1447113600,52237284910
11/11/2015,1447200000,52560853806
11/12/2015,1447286400,59050838844
11/13/2015,1447372800,51534479321
11/14/2015,1447459200,51216461485
11/15/2015,1447545600,51537798825
11/16/2015,1447632000,56768038418
11/17/2015,1447718400,56303859554
11/18/2015,1447804800,53515892028
11/19/2015,1447891200,54119551224
11/20/2015,1447977600,54384895828
11/21/2015,1448064000,54039631830
11/22/2015,1448150400,53793371733
11/23/2015,1448236800,55629754775
11/24/2015,1448323200,58042755370
11/25/2015,1448409600,54235748106
11/26/2015,1448496000,53986356287
11/27/2015,1448582400,53456555142
11/28/2015,1448668800,54312682973
11/29/2015,1448755200,53321187419
11/30/2015,1448841600,55199244474
12/01/2015,1448928000,54837947431
12/02/2015,1449014400,53588845124
12/03/2015,1449100800,53564860105
12/04/2015,1449187200,53920215595
12/05/2015,1449273600,54430269329
12/06/2015,1449360000,53904812363
12/07/2015,1449446400,53988885934
12/08/2015,1449532800,53743612456
12/09/2015,1449619200,54733915734
12/10/2015,1449705600,54938250098
12/11/2015,1449792000,58195798149
12/12/2015,1449878400,59486449382
12/13/2015,1449964800,56701649126
12/14/2015,1450051200,53372600387
12/15/2015,1450137600,62650330558
12/16/2015,1450224000,54026271431
12/17/2015,1450310400,55081281267
12/18/2015,1450396800,55034649240
12/19/2015,1450483200,53891713881
12/20/2015,1450569600,53342677327
12/21/2015,1450656000,53466176225
12/22/2015,1450742400,53627121090
12/23/2015,1450828800,55663754533
12/24/2015,1450915200,52792315740
12/25/2015,1451001600,53550792729
12/26/2015,1451088000,53675955367
12/27/2015,1451174400,66846252680
12/28/2015,1451260800,53108130511
12/29/2015,1451347200,53729001893
12/30/2015,1451433600,56716784472
12/31/2015,1451520000,57661175081
01/01/2016,1451606400,54747565393
01/02/2016,1451692800,53323453178
01/03/2016,1451779200,53342341402
01/04/2016,1451865600,54038066808
01/05/2016,1451952000,57078526509
01/06/2016,1452038400,53724486418
01/07/2016,1452124800,53273537581
01/08/2016,1452211200,53800517545
01/09/2016,1452297600,53277018400
01/10/2016,1452384000,53104731714
01/11/2016,1452470400,53940328769
01/12/2016,1452556800,54526276152
1/13/2016,1452643200,58256098368
1/14/2016,1452729600,55250356301
1/15/2016,1452816000,57562550443
1/16/2016,1452902400,55150540726
1/17/2016,1452988800,53477721574
1/18/2016,1453075200,53945900879
1/19/2016,1453161600,53767376718
1/20/2016,1453248000,55721616549
1/21/2016,1453334400,60639283859
1/22/2016,1453420800,56195249052
1/23/2016,1453507200,55504259187
1/24/2016,1453593600,58951408559
1/25/2016,1453680000,56752420983
1/26/2016,1453766400,58955359850
1/27/2016,1453852800,58687046251
1/28/2016,1453939200,56180261528
1/29/2016,1454025600,59508641167
1/30/2016,1454112000,67198755701
1/31/2016,1454198400,66544976813
02/01/2016,1454284800,66170097350
02/02/2016,1454371200,65763607541
02/03/2016,1454457600,64138762372
02/04/2016,1454544000,73409019027
02/05/2016,1454630400,68267066894
02/06/2016,1454716800,1.31917E+11
02/07/2016,1454803200,81674346130
02/08/2016,1454889600,80464718771
02/09/2016,1454976000,1.2451E+11
02/10/2016,1455062400,1.41417E+11
02/11/2016,1455148800,66426480457
02/12/2016,1455235200,62799761220
2/13/2016,1455321600,57729244744
2/14/2016,1455408000,53479540613
2/15/2016,1455494400,56788416456
2/16/2016,1455580800,55814592783
2/17/2016,1455667200,54601880947
2/18/2016,1455753600,54513971078
2/19/2016,1455840000,54608221632
2/20/2016,1455926400,53778238540
2/21/2016,1456012800,54255151037
2/22/2016,1456099200,59577980579
2/23/2016,1456185600,61016867321
2/24/2016,1456272000,58177356219
2/25/2016,1456358400,57464169480
2/26/2016,1456444800,54600904591
2/27/2016,1456531200,54108259575
2/28/2016,1456617600,54072562583
2/29/2016,1456704000,58416492222
03/01/2016,1456790400,59690933816
03/02/2016,1456876800,67322497890
03/03/2016,1456963200,56545945782
03/04/2016,1457049600,53626100171
03/05/2016,1457136000,47489912177
03/06/2016,1457222400,47260765636
03/07/2016,1457308800,50440843854
03/08/2016,1457395200,53596473626
03/09/2016,1457481600,38089619702
03/10/2016,1457568000,30204433047
03/11/2016,1457654400,29035652694
03/12/2016,1457740800,29197411911
3/13/2016,1457827200,30820960382
3/14/2016,1457913600,28509995013
3/15/2016,1458000000,26342144976
3/16/2016,1458086400,25523949148
3/17/2016,1458172800,27708932990
3/18/2016,1458259200,26302902480
3/19/2016,1458345600,29326753003
3/20/2016,1458432000,26655411712
3/21/2016,1458518400,26198708915
3/22/2016,1458604800,23516912695
3/23/2016,1458691200,24515668491
3/24/2016,1458777600,24817035022
3/25/2016,1458864000,28125320881
3/26/2016,1458950400,25100050063
3/27/2016,1459036800,23366025518
3/28/2016,1459123200,23293862605
3/29/2016,1459209600,24748798767
3/30/2016,1459296000,29356903690
3/31/2016,1459382400,23943731847
04/01/2016,1459468800,23089731009
04/02/2016,1459555200,22939736669
04/03/2016,1459641600,22705288437
04/04/2016,1459728000,23071306359
04/05/2016,1459814400,22855001812
04/06/2016,1459900800,23774218158
04/07/2016,1459987200,22920002717
04/08/2016,1460073600,23663537901
04/09/2016,1460160000,23374699345
04/10/2016,1460246400,23678330657
04/11/2016,1460332800,23659454582
04/12/2016,1460419200,23059716953
4/13/2016,1460505600,25246911318
4/14/2016,1460592000,25758426765
4/15/2016,1460678400,22848354360
4/16/2016,1460764800,22969314896
4/17/2016,1460851200,23167419890
4/18/2016,1460937600,22692256964
4/19/2016,1461024000,22921917181
4/20/2016,1461110400,23244541703
4/21/2016,1461196800,24583057704
4/22/2016,1461283200,23168317793
4/23/2016,1461369600,23328772911
4/24/2016,1461456000,22898306186
4/25/2016,1461542400,22894325246
4/26/2016,1461628800,24013247909
4/27/2016,1461715200,22769355411
4/28/2016,1461801600,23151110557
4/29/2016,1461888000,22517844341
4/30/2016,1461974400,23589420595
05/01/2016,1462060800,24074701211
05/02/2016,1462147200,23735031560
05/03/2016,1462233600,24296239464
05/04/2016,1462320000,23683442809
05/05/2016,1462406400,24293386757
05/06/2016,1462492800,23038005218
05/07/2016,1462579200,23118154788
05/08/2016,1462665600,23310345000
05/09/2016,1462752000,23021017203
05/10/2016,1462838400,23592720268
05/11/2016,1462924800,23627226077
05/12/2016,1463011200,25330807567
5/13/2016,1463097600,28093994639
5/14/2016,1463184000,23703052414
5/15/2016,1463270400,22439773235
5/16/2016,1463356800,22740132145
5/17/2016,1463443200,22852181919
5/18/2016,1463529600,23498384260
5/19/2016,1463616000,23539460755
5/20/2016,1463702400,23617555647
5/21/2016,1463788800,22932813089
5/22/2016,1463875200,22915048414
5/23/2016,1463961600,23047905809
5/24/2016,1464048000,23390787327
5/25/2016,1464134400,23119167836
5/26/2016,1464220800,22614164987
5/27/2016,1464307200,23740827315
5/28/2016,1464393600,26746665349
5/29/2016,1464480000,23677018969
5/30/2016,1464566400,23145863918
5/31/2016,1464652800,22735089093
06/01/2016,1464739200,22687558792
06/02/2016,1464825600,22831513081
06/03/2016,1464912000,22754854055
06/04/2016,1464998400,22562926511
06/05/2016,1465084800,22634657554
06/06/2016,1465171200,23217826841
06/07/2016,1465257600,23737534493
06/08/2016,1465344000,23042966451
06/09/2016,1465430400,22658862386
06/10/2016,1465516800,22804128940
06/11/2016,1465603200,22375029283
06/12/2016,1465689600,22951154962
6/13/2016,1465776000,22759240658
6/14/2016,1465862400,22856579441
6/15/2016,1465948800,22714226454
6/16/2016,1466035200,23212696396
6/17/2016,1466121600,24632069593
6/18/2016,1466208000,24843768913
6/19/2016,1466294400,22736174769
6/20/2016,1466380800,22691090048
6/21/2016,1466467200,25068845210
6/22/2016,1466553600,23017973391
6/23/2016,1466640000,22617185981
6/24/2016,1466726400,22376397200
6/25/2016,1466812800,22497935939
6/26/2016,1466899200,22141167067
6/27/2016,1466985600,22312348466
6/28/2016,1467072000,22584213073
6/29/2016,1467158400,22918582594
6/30/2016,1467244800,22446491113
07/01/2016,1467331200,22618172634
07/02/2016,1467417600,22174765936
07/03/2016,1467504000,22438609328
07/04/2016,1467590400,22445903080
07/05/2016,1467676800,22791928270
07/06/2016,1467763200,22376280596
07/07/2016,1467849600,22363551641
07/08/2016,1467936000,22368208463
07/09/2016,1468022400,22412574674
07/10/2016,1468108800,22296567527
07/11/2016,1468195200,22505333819
07/12/2016,1468281600,22440652514
7/13/2016,1468368000,22106770557
7/14/2016,1468454400,22324847989
7/15/2016,1468540800,22150401292
7/16/2016,1468627200,22453905433
7/17/2016,1468713600,22385907496
7/18/2016,1468800000,22194304300
7/19/2016,1468886400,21817375021
7/20/2016,1468972800,22553228644
7/21/2016,1469059200,22496025782
7/22/2016,1469145600,22388524770
7/23/2016,1469232000,22644090502
7/24/2016,1469318400,23334840904
7/25/2016,1469404800,23055593809
7/26/2016,1469491200,23802114598
7/27/2016,1469577600,22886382980
7/28/2016,1469664000,24336775150
7/29/2016,1469750400,22951966479
7/30/2016,1469836800,22341575288
7/31/2016,1469923200,22551495057
08/01/2016,1470009600,22560601997
08/02/2016,1470096000,22679744211
08/03/2016,1470182400,22667499175
08/04/2016,1470268800,22424068262
08/05/2016,1470355200,22709716839
08/06/2016,1470441600,22261007498
08/07/2016,1470528000,22143757119
08/08/2016,1470614400,22238663553
08/09/2016,1470700800,22880314198
08/10/2016,1470787200,22839922128
08/11/2016,1470873600,22430005194
08/12/2016,1470960000,23389186213
8/13/2016,1471046400,22116282460
8/14/2016,1471132800,22080023368
8/15/2016,1471219200,22387394758
8/16/2016,1471305600,22133315567
8/17/2016,1471392000,22449010538
8/18/2016,1471478400,22271755769
8/19/2016,1471564800,23013031811
8/20/2016,1471651200,22008202022
8/21/2016,1471737600,22724928781
8/22/2016,1471824000,22323641612
8/23/2016,1471910400,22472449180
8/24/2016,1471996800,22134955112
8/25/2016,1472083200,21662495420
8/26/2016,1472169600,22060468684
8/27/2016,1472256000,22084491734
8/28/2016,1472342400,22327330954
8/29/2016,1472428800,22503390990
8/30/2016,1472515200,21969060645
8/31/2016,1472601600,22383972827
09/01/2016,1472688000,22350497450
09/02/2016,1472774400,21832746445
09/03/2016,1472860800,22180114518
09/04/2016,1472947200,23122925314
09/05/2016,1473033600,22297761925
09/06/2016,1473120000,22011556383
09/07/2016,1473206400,22086810764
09/08/2016,1473292800,22630806155
09/09/2016,1473379200,21954984795
09/10/2016,1473465600,22516085593
09/11/2016,1473552000,23221716092
09/12/2016,1473638400,23192092540
9/13/2016,1473724800,22172975216
9/14/2016,1473811200,21847315101
9/15/2016,1473897600,22076869309
9/16/2016,1473984000,21913132122
9/17/2016,1474070400,22349371995
9/18/2016,1474156800,22722051979
9/19/2016,1474243200,22459974842
9/20/2016,1474329600,22114596899
9/21/2016,1474416000,21875371150
9/22/2016,1474502400,21998293790
9/23/2016,1474588800,36520780497
9/24/2016,1474675200,33231902597
9/25/2016,1474761600,38650733832
9/26/2016,1474848000,43188170153
9/27/2016,1474934400,35880566234
9/28/2016,1475020800,31053957466
9/29/2016,1475107200,30521640536
9/30/2016,1475193600,29817386069
10/01/2016,1475280000,27851144123
10/02/2016,1475366400,29274270351
10/03/2016,1475452800,28921116127
10/04/2016,1475539200,25719466740
10/05/2016,1475625600,25204877308
10/06/2016,1475712000,23383154022
10/07/2016,1475798400,23148248452
10/08/2016,1475884800,23382156317
10/09/2016,1475971200,24293403159
10/10/2016,1476057600,23808820587
10/11/2016,1476144000,24289033632
10/12/2016,1476230400,26037096488
10/13/2016,1476316800,74508549155
10/14/2016,1476403200,47491822159
10/15/2016,1476489600,67021626922
10/16/2016,1476576000,64860315135
10/17/2016,1476662400,62917625993
10/18/2016,1476748800,56109104953
10/19/2016,1476835200,26727015004
10/20/2016,1476921600,28388678071
10/21/2016,1477008000,27327186756
10/22/2016,1477094400,25568419660
10/23/2016,1477180800,27189463354
10/24/2016,1477267200,26738598194
10/25/2016,1477353600,25467763116
10/26/2016,1477440000,24766803093
10/27/2016,1477526400,25335805631
10/28/2016,1477612800,26393346615
10/29/2016,1477699200,26931401011
10/30/2016,1477785600,25710654068
10/31/2016,1477872000,24958279875
11/01/2016,1477958400,27306724366
11/02/2016,1478044800,24483859111
11/03/2016,1478131200,24961749448
11/04/2016,1478217600,23953353775
11/05/2016,1478304000,24196990421
11/06/2016,1478390400,24064007293
11/07/2016,1478476800,24556000429
11/08/2016,1478563200,24358801328
11/09/2016,1478649600,25674126403
11/10/2016,1478736000,24703835063
11/11/2016,1478822400,28889390493
11/12/2016,1478908800,25243993965
11/13/2016,1478995200,25168748733
11/14/2016,1479081600,24969184273
11/15/2016,1479168000,24586128040
11/16/2016,1479254400,24746018974
11/17/2016,1479340800,24334480804
11/18/2016,1479427200,24779293462
11/19/2016,1479513600,24367796634
11/20/2016,1479600000,24297865025
11/21/2016,1479686400,24827550548
11/22/2016,1479772800,23329377849
11/23/2016,1479859200,24571404785
11/24/2016,1479945600,27981297065
11/25/2016,1480032000,24440853301
11/26/2016,1480118400,24641800522
11/27/2016,1480204800,25256371561
11/28/2016,1480291200,25726139305
11/29/2016,1480377600,25163119754
11/30/2016,1480464000,23375317675
12/01/2016,1480550400,22785340768
12/02/2016,1480636800,23095222285
12/03/2016,1480723200,22832490174
12/04/2016,1480809600,22644586389
12/05/2016,1480896000,23613848731
12/06/2016,1480982400,23636815655
12/07/2016,1481068800,23374892164
12/08/2016,1481155200,9.39588E+11
12/09/2016,1481241600,22949471336
12/10/2016,1481328000,22755035263
12/11/2016,1481414400,23102362744
12/12/2016,1481500800,23597952573
12/13/2016,1481587200,22648901910
12/14/2016,1481673600,22618352558
12/15/2016,1481760000,23094151934
12/16/2016,1481846400,22992393242
12/17/2016,1481932800,23595023607
12/18/2016,1482019200,23992718388
12/19/2016,1482105600,23123514564
12/20/2016,1482192000,24119840003
12/21/2016,1482278400,23592292635
12/22/2016,1482364800,20481256826
12/23/2016,1482451200,21893017280
12/24/2016,1482537600,22905581735
12/25/2016,1482624000,22736759512
12/26/2016,1482710400,22814139095
12/27/2016,1482796800,23152519818
12/28/2016,1482883200,22822250696
12/29/2016,1482969600,23046273651
12/30/2016,1483056000,22836679784
12/31/2016,1483142400,22450276633
01/01/2017,1483228800,22502464773
01/02/2017,1483315200,22989772352
01/03/2017,1483401600,23220439902
01/04/2017,1483488000,23038159919
01/05/2017,1483574400,22939235415
01/06/2017,1483660800,23009819425
01/07/2017,1483747200,22843513981
01/08/2017,1483833600,22998988736
01/09/2017,1483920000,23091635207
01/10/2017,1484006400,22532703925
01/11/2017,1484092800,22676639926
01/12/2017,1484179200,23040753981
1/13/2017,1484265600,22119879499
1/14/2017,1484352000,22409886093
1/15/2017,1484438400,22419878847
1/16/2017,1484524800,22395773525
1/17/2017,1484611200,22742343222
1/18/2017,1484697600,22420105832
1/19/2017,1484784000,22228644380
1/20/2017,1484870400,22369863556
1/21/2017,1484956800,22405633901
1/22/2017,1485043200,22118050371
1/23/2017,1485129600,22267116021
1/24/2017,1485216000,22081334070
1/25/2017,1485302400,22329866070
1/26/2017,1485388800,22478987111
1/27/2017,1485475200,22449741445
1/28/2017,1485561600,22219721089
1/29/2017,1485648000,22393586898
1/30/2017,1485734400,22234080218
1/31/2017,1485820800,23010693003
02/01/2017,1485907200,22534983936
02/02/2017,1485993600,22623466807
02/03/2017,1486080000,22508635957
02/04/2017,1486166400,22623314914
02/05/2017,1486252800,22331019732
02/06/2017,1486339200,22488425969
02/07/2017,1486425600,22381838948
02/08/2017,1486512000,22770223820
02/09/2017,1486598400,22865377988
02/10/2017,1486684800,22403621823
02/11/2017,1486771200,22195555854
02/12/2017,1486857600,22626108892
2/13/2017,1486944000,23210412106
2/14/2017,1487030400,22818886821
2/15/2017,1487116800,31915437681
2/16/2017,1487203200,22602328224
2/17/2017,1487289600,22533195533
2/18/2017,1487376000,23057941420
2/19/2017,1487462400,22391656238
2/20/2017,1487548800,22466228953
2/21/2017,1487635200,22569187220
2/22/2017,1487721600,22844411723
2/23/2017,1487808000,22741575515
2/24/2017,1487894400,22755690878
2/25/2017,1487980800,22580332911
2/26/2017,1488067200,22771424431
2/27/2017,1488153600,23193818563
2/28/2017,1488240000,23580755304
03/01/2017,1488326400,27402631555
03/02/2017,1488412800,23609865289
03/03/2017,1488499200,23008036079
03/04/2017,1488585600,22752613012
03/05/2017,1488672000,22459193729
03/06/2017,1488758400,22683379793
03/07/2017,1488844800,22439900327
03/08/2017,1488931200,22717981194
03/09/2017,1489017600,22460423289
03/10/2017,1489104000,25715550291
03/11/2017,1489190400,22822227019
03/12/2017,1489276800,22944292835
3/13/2017,1489363200,23503094188
3/14/2017,1489449600,22958465248
3/15/2017,1489536000,22877843867
3/16/2017,1489622400,23318234775
3/17/2017,1489708800,27329559604
3/18/2017,1489795200,22588280322
3/19/2017,1489881600,22676654708
3/20/2017,1489968000,22485861954
3/21/2017,1490054400,22401666063
3/22/2017,1490140800,22752454613
3/23/2017,1490227200,22541771175
3/24/2017,1490313600,27441833681
3/25/2017,1490400000,23012529660
3/26/2017,1490486400,22249849693
3/27/2017,1490572800,22247794560
3/28/2017,1490659200,22247087954
3/29/2017,1490745600,22264312196
3/30/2017,1490832000,22337722011
3/31/2017,1490918400,22421222086
04/01/2017,1491004800,22145659410
04/02/2017,1491091200,22176202916
04/03/2017,1491177600,22176569227
04/04/2017,1491264000,22335006404
04/05/2017,1491350400,22438228964
04/06/2017,1491436800,22774967565
04/07/2017,1491523200,22133175527
04/08/2017,1491609600,22134943280
04/09/2017,1491696000,21963656913
04/10/2017,1491782400,22330645586
04/11/2017,1491868800,22007626117
04/12/2017,1491955200,23067711028
4/13/2017,1492041600,22310955741
4/14/2017,1492128000,22257379067
4/15/2017,1492214400,22240477959
4/16/2017,1492300800,22100218538
4/17/2017,1492387200,22255010723
4/18/2017,1492473600,22747420158
4/19/2017,1492560000,22626922333
4/20/2017,1492646400,22480105997
4/21/2017,1492732800,22819358782
4/22/2017,1492819200,22631052480
4/23/2017,1492905600,21898039096
4/24/2017,1492992000,22992421400
4/25/2017,1493078400,21734015245
4/26/2017,1493164800,22048839796
4/27/2017,1493251200,22377947330
4/28/2017,1493337600,22130700584
4/29/2017,1493424000,22799209590
4/30/2017,1493510400,22541845100
05/01/2017,1493596800,22989649815
05/02/2017,1493683200,22975461233
05/03/2017,1493769600,22182605256
05/04/2017,1493856000,22523480694
05/05/2017,1493942400,22905913235
05/06/2017,1494028800,22254507120
05/07/2017,1494115200,22863576069
05/08/2017,1494201600,22304778708
05/09/2017,1494288000,22419891708
05/10/2017,1494374400,22141501610
05/11/2017,1494460800,22276386524
05/12/2017,1494547200,22224260597
5/13/2017,1494633600,22176736929
5/14/2017,1494720000,22054420864
5/15/2017,1494806400,22225479222
5/16/2017,1494892800,22338079736
5/17/2017,1494979200,26658490658
5/18/2017,1495065600,22641931556
5/19/2017,1495152000,22510140833
5/20/2017,1495238400,22578527232
5/21/2017,1495324800,22366670221
5/22/2017,1495411200,22950916506
5/23/2017,1495497600,22876914693
5/24/2017,1495584000,23511877462
5/25/2017,1495670400,22627478169
5/26/2017,1495756800,22767260891
5/27/2017,1495843200,22312210827
5/28/2017,1495929600,21916364414
5/29/2017,1496016000,22429141176
5/30/2017,1496102400,24758885831
5/31/2017,1496188800,38210063774
06/01/2017,1496275200,23808562950
06/02/2017,1496361600,22913829909
06/03/2017,1496448000,22677818318
06/04/2017,1496534400,23508783552
06/05/2017,1496620800,22886137204
06/06/2017,1496707200,23539130279
06/07/2017,1496793600,23555770569
06/08/2017,1496880000,23571788218
06/09/2017,1496966400,22518978783
06/10/2017,1497052800,22422146714
06/11/2017,1497139200,23843612254
06/12/2017,1497225600,30391141090
6/13/2017,1497312000,24903912970
6/14/2017,1497398400,22812812579
6/15/2017,1497484800,23411815379
6/16/2017,1497571200,22083654403
6/17/2017,1497657600,20940055933
6/18/2017,1497744000,19777146521
6/19/2017,1497830400,21054562068
6/20/2017,1497916800,35606261848
6/21/2017,1498003200,58264077197
6/22/2017,1498089600,41150573699
6/23/2017,1498176000,40960227374
6/24/2017,1498262400,47309213754
6/25/2017,1498348800,34521352334
6/26/2017,1498435200,49580734026
6/27/2017,1498521600,31580245373
6/28/2017,1498608000,43482890266
6/29/2017,1498694400,35022170593
6/30/2017,1498780800,27223635401
07/01/2017,1498867200,26689728580
07/02/2017,1498953600,25581333280
07/03/2017,1499040000,28117349173
07/04/2017,1499126400,24664144555
07/05/2017,1499212800,26133024523
07/06/2017,1499299200,24841070314
07/07/2017,1499385600,27021742038
07/08/2017,1499472000,26089973919
07/09/2017,1499558400,26860797614
07/10/2017,1499644800,22840512365
07/11/2017,1499731200,24575033101
07/12/2017,1499817600,24301621064
7/13/2017,1499904000,23629822115
7/14/2017,1499990400,23119742999
7/15/2017,1500076800,26644007281
7/16/2017,1500163200,24225254470
7/17/2017,1500249600,25008451290
7/18/2017,1500336000,26922445269
7/19/2017,1500422400,25859171423
7/20/2017,1500508800,23785270501
7/21/2017,1500595200,34121661718
7/22/2017,1500681600,24728177686
7/23/2017,1500768000,24411781141
7/24/2017,1500854400,24993645320
7/25/2017,1500940800,26699669746
7/26/2017,1501027200,26644959295
7/27/2017,1501113600,25759576270
7/28/2017,1501200000,25160319003
7/29/2017,1501286400,24073380192
7/30/2017,1501372800,23908993567
7/31/2017,1501459200,22305961187
08/01/2017,1501545600,25462492943
08/02/2017,1501632000,25145539900
08/03/2017,1501718400,24881344614
08/04/2017,1501804800,22630338284
08/05/2017,1501891200,23984146001
08/06/2017,1501977600,24293412889
08/07/2017,1502064000,25187717437
08/08/2017,1502150400,23836962422
08/09/2017,1502236800,24062207266
08/10/2017,1502323200,24244829373
08/11/2017,1502409600,25055821756
08/12/2017,1502496000,24802395477
8/13/2017,1502582400,22053673388
8/14/2017,1502668800,22124106465
8/15/2017,1502755200,21732658516
8/16/2017,1502841600,34716303601
8/17/2017,1502928000,29045025650
8/18/2017,1503014400,44653492844
8/19/2017,1503100800,25853813413
8/20/2017,1503187200,22972240493
8/21/2017,1503273600,23061643547
8/22/2017,1503360000,23423033219
8/23/2017,1503446400,23256200293
8/24/2017,1503532800,24488987225
8/25/2017,1503619200,25311366617
8/26/2017,1503705600,22816054496
8/27/2017,1503792000,22152769744
8/28/2017,1503878400,23023333378
8/29/2017,1503964800,26062902403
8/30/2017,1504051200,25922353625
8/31/2017,1504137600,36202779201
09/01/2017,1504224000,29038234385
09/02/2017,1504310400,62682734227
09/03/2017,1504396800,24625907338
09/04/2017,1504483200,27792328086
09/05/2017,1504569600,30139309787
09/06/2017,1504656000,36519706124
09/07/2017,1504742400,36147491376
09/08/2017,1504828800,42275877643
09/09/2017,1504915200,29941043195
09/10/2017,1505001600,36135150446
09/11/2017,1505088000,26441744516
09/12/2017,1505174400,28430040166
9/13/2017,1505260800,27123610125
9/14/2017,1505347200,28372005082
9/15/2017,1505433600,35527257414
9/16/2017,1505520000,35281116400
9/17/2017,1505606400,32847109838
9/18/2017,1505692800,27527967857
9/19/2017,1505779200,28240983765
9/20/2017,1505865600,30102925181
9/21/2017,1505952000,23983898010
9/22/2017,1506038400,24379043547
9/23/2017,1506124800,23562292733
9/24/2017,1506211200,28226701571
9/25/2017,1506297600,25547420148
9/26/2017,1506384000,24571949910
9/27/2017,1506470400,26548967736
9/28/2017,1506556800,25409632808
9/29/2017,1506643200,23184436268
9/30/2017,1506729600,26231412090
10/01/2017,1506816000,24190581701
10/02/2017,1506902400,25376879520
10/03/2017,1506988800,23882103385
10/04/2017,1507075200,23689836678
10/05/2017,1507161600,24302843665
10/06/2017,1507248000,25759310387
10/07/2017,1507334400,22705744740
10/08/2017,1507420800,24091593642
10/09/2017,1507507200,24174030452
10/10/2017,1507593600,25058292801
10/11/2017,1507680000,30039329444
10/12/2017,1507766400,24512657109
10/13/2017,1507852800,26489325565
10/14/2017,1507939200,24196653845
10/15/2017,1508025600,23514174126
10/16/2017,1508112000,16678649826
10/17/2017,1508198400,14194850634
10/18/2017,1508284800,14081137033
10/19/2017,1508371200,12235259269
10/20/2017,1508457600,14610349751
10/21/2017,1508544000,12128683877
10/22/2017,1508630400,10751750663
10/23/2017,1508716800,13780011469
10/24/2017,1508803200,14415708346
10/25/2017,1508889600,12720316553
10/26/2017,1508976000,12385996259
10/27/2017,1509062400,11545392383
10/28/2017,1509148800,10491940195
10/29/2017,1509235200,10371979124
10/30/2017,1509321600,11808258897
10/31/2017,1509408000,13692446133
11/01/2017,1509494400,14979336359
11/02/2017,1509580800,15919836477
11/03/2017,1509667200,12781813101
11/04/2017,1509753600,11624799927
11/05/2017,1509840000,10703460687
11/06/2017,1509926400,10433598351
11/07/2017,1510012800,13393206633
11/08/2017,1510099200,16154783877
11/09/2017,1510185600,15785570759
11/10/2017,1510272000,15036090671
11/11/2017,1510358400,15394750336
11/12/2017,1510444800,18011273725
11/13/2017,1510531200,16603636136
11/14/2017,1510617600,16704405736
11/15/2017,1510704000,17408995522
11/16/2017,1510790400,16023943398
11/17/2017,1510876800,16406020669
11/18/2017,1510963200,13339014477
11/19/2017,1511049600,14229082585
11/20/2017,1511136000,16089304528
11/21/2017,1511222400,17548793491
11/22/2017,1511308800,16469836119
11/23/2017,1511395200,15992127664
11/24/2017,1511481600,15456892039
11/25/2017,1511568000,12891179323
11/26/2017,1511654400,14953923259
11/27/2017,1511740800,15537337870
11/28/2017,1511827200,16779210323
11/29/2017,1511913600,17499867713
11/30/2017,1512000000,16354038320
12/01/2017,1512086400,14561757161
12/02/2017,1512172800,13179215357
12/03/2017,1512259200,14068434201
12/04/2017,1512345600,21962218932
12/05/2017,1512432000,30921177676
12/06/2017,1512518400,42116421717
12/07/2017,1512604800,59656597683
12/08/2017,1512691200,61102848374
12/09/2017,1512777600,55563635227
12/10/2017,1512864000,43572173439
12/11/2017,1512950400,35272081823
12/12/2017,1513036800,38367405491
12/13/2017,1513123200,38631503447
12/14/2017,1513209600,41791954659
12/15/2017,1513296000,35432934113
12/16/2017,1513382400,35296363949
12/17/2017,1513468800,29121338315
12/18/2017,1513555200,27442929390
12/19/2017,1513641600,34330952644
12/20/2017,1513728000,41559360197
12/21/2017,1513814400,41640835518
12/22/2017,1513900800,40786863196
12/23/2017,1513987200,33285710975
12/24/2017,1514073600,30228420219
12/25/2017,1514160000,26111076108
12/26/2017,1514246400,25927218047
12/27/2017,1514332800,25108575762
12/28/2017,1514419200,24132948080
12/29/2017,1514505600,25027593719
12/30/2017,1514592000,24163343242
12/31/2017,1514678400,24709168252
01/01/2018,1514764800,23306357402
01/02/2018,1514851200,26315022737
01/03/2018,1514937600,27919698108
01/04/2018,1515024000,33357029107
01/05/2018,1515110400,84460889356
01/06/2018,1515196800,95788574583
01/07/2018,1515283200,74588438927
01/08/2018,1515369600,73644673858
01/09/2018,1515456000,76790296973
01/10/2018,1515542400,95442073535
01/11/2018,1515628800,82600430565
01/12/2018,1515715200,60014533220
1/13/2018,1515801600,63717170951
1/14/2018,1515888000,58397110440
1/15/2018,1515974400,53860527328
1/16/2018,1516060800,54778776336
1/17/2018,1516147200,52114059603
1/18/2018,1516233600,53748001984
1/19/2018,1516320000,51161244711
1/20/2018,1516406400,51085545977
1/21/2018,1516492800,40356756648
1/22/2018,1516579200,33802546511
1/23/2018,1516665600,39247302060
1/24/2018,1516752000,37646911483
1/25/2018,1516838400,33569002791
1/26/2018,1516924800,28114173259
1/27/2018,1517011200,27546279427
1/28/2018,1517097600,27800189170
1/29/2018,1517184000,37028443300
1/30/2018,1517270400,30081646328
1/31/2018,1517356800,29402730461
02/01/2018,1517443200,40436332603
02/02/2018,1517529600,35386250064
02/03/2018,1517616000,29301000333
02/04/2018,1517702400,29029951503
02/05/2018,1517788800,26867195837
02/06/2018,1517875200,27964527864
02/07/2018,1517961600,26694182218
02/08/2018,1518048000,24968333160
02/09/2018,1518134400,22856286885
02/10/2018,1518220800,23836230354
02/11/2018,1518307200,21902813565
02/12/2018,1518393600,20824108310
2/13/2018,1518480000,21675219499
2/14/2018,1518566400,22501126990
2/15/2018,1518652800,21565784189
2/16/2018,1518739200,21590561665
2/17/2018,1518825600,21836733413
2/18/2018,1518912000,23119908681
2/19/2018,1518998400,19905796465
2/20/2018,1519084800,20246730594
2/21/2018,1519171200,19358082715
2/22/2018,1519257600,17902757911
2/23/2018,1519344000,18833737841
2/24/2018,1519430400,19384760070
2/25/2018,1519516800,16760068675
2/26/2018,1519603200,17771487138
2/27/2018,1519689600,17894714377
2/28/2018,1519776000,20187807483
03/01/2018,1519862400,18473527342
03/02/2018,1519948800,20451455718
03/03/2018,1520035200,16322757085
03/04/2018,1520121600,17306576278
03/05/2018,1520208000,19642692604
03/06/2018,1520294400,18179260115
03/07/2018,1520380800,19767121442
03/08/2018,1520467200,18357044883
03/09/2018,1520553600,17752199400
03/10/2018,1520640000,14790736580
03/11/2018,1520726400,13799398206
03/12/2018,1520812800,15351654962
3/13/2018,1520899200,13206717876
3/14/2018,1520985600,14203805847
3/15/2018,1521072000,14353164971
3/16/2018,1521158400,16340801409
3/17/2018,1521244800,12252599210
3/18/2018,1521331200,12747853336
3/19/2018,1521417600,13093728143
3/20/2018,1521504000,13429840214
3/21/2018,1521590400,14142299137
3/22/2018,1521676800,14406721931
3/23/2018,1521763200,15620447607
3/24/2018,1521849600,13781856544
3/25/2018,1521936000,13537750854
3/26/2018,1522022400,18175711428
3/27/2018,1522108800,14361185569
3/28/2018,1522195200,14632876426
3/29/2018,1522281600,15636728747
3/30/2018,1522368000,12774734071
3/31/2018,1522454400,11477477292
04/01/2018,1522540800,11102468465
04/02/2018,1522627200,12126196454
04/03/2018,1522713600,12293014582
04/04/2018,1522800000,10971643800
04/05/2018,1522886400,15470303694
04/06/2018,1522972800,13576704140
04/07/2018,1523059200,10753965447
04/08/2018,1523145600,10486377770
04/09/2018,1523232000,11897226799
04/10/2018,1523318400,12186519151
04/11/2018,1523404800,12413186820
04/12/2018,1523491200,13472050250
4/13/2018,1523577600,15622290969
4/14/2018,1523664000,12185010900
4/15/2018,1523750400,11501339825
4/16/2018,1523836800,11892614029
4/17/2018,1523923200,12173043612
4/18/2018,1524009600,14288533754
4/19/2018,1524096000,12808754360
4/20/2018,1524182400,12534360242
4/21/2018,1524268800,11341532081
4/22/2018,1524355200,11663977885
4/23/2018,1524441600,12244561688
4/24/2018,1524528000,14321823448
4/25/2018,1524614400,13557508252
4/26/2018,1524700800,14271989942
4/27/2018,1524787200,14685431596
4/28/2018,1524873600,17582460945
4/29/2018,1524960000,15442471407
4/30/2018,1525046400,16262401104
05/01/2018,1525132800,14281953004
05/02/2018,1525219200,14722424091
05/03/2018,1525305600,16368874314
05/04/2018,1525392000,14696638866
05/05/2018,1525478400,13440494470
05/06/2018,1525564800,13668120194
05/07/2018,1525651200,13631658303
05/08/2018,1525737600,16204375940
05/09/2018,1525824000,15052534314
05/10/2018,1525910400,18434177249
05/11/2018,1525996800,18760220475
05/12/2018,1526083200,13466355305
5/13/2018,1526169600,14402165925
5/14/2018,1526256000,18385997794
5/15/2018,1526342400,18370030387
5/16/2018,1526428800,18298682673
5/17/2018,1526515200,18994356610
5/18/2018,1526601600,18721721358
5/19/2018,1526688000,17766897892
5/20/2018,1526774400,16896601978
5/21/2018,1526860800,17929703654
5/22/2018,1526947200,19404072640
5/23/2018,1527033600,19763806846
5/24/2018,1527120000,18505927074
5/25/2018,1527206400,18300433853
5/26/2018,1527292800,15815615114
5/27/2018,1527379200,14776104835
5/28/2018,1527465600,21322427757
5/29/2018,1527552000,21228260655
5/30/2018,1527638400,21433398617
5/31/2018,1527724800,26020776841
06/01/2018,1527811200,22281817392
06/02/2018,1527897600,16102612105
06/03/2018,1527984000,15436188157
06/04/2018,1528070400,19065322604
06/05/2018,1528156800,17186633256
06/06/2018,1528243200,19741822241
06/07/2018,1528329600,16981460044
06/08/2018,1528416000,15945608934
06/09/2018,1528502400,12618229591
06/10/2018,1528588800,12552615017
06/11/2018,1528675200,13950267534
06/12/2018,1528761600,14048931400
6/13/2018,1528848000,14416451849
6/14/2018,1528934400,15916958110
6/15/2018,1529020800,16804997297
6/16/2018,1529107200,24848435239
6/17/2018,1529193600,11225914551
6/18/2018,1529280000,11823977189
6/19/2018,1529366400,14427312991
6/20/2018,1529452800,13472257819
6/21/2018,1529539200,13047918845
6/22/2018,1529625600,38878511772
6/23/2018,1529712000,14029394940
6/24/2018,1529798400,16163435399
6/25/2018,1529884800,15637044897
6/26/2018,1529971200,12011100131
6/27/2018,1530057600,12446563365
6/28/2018,1530144000,11696277117
6/29/2018,1530230400,12115784768
6/30/2018,1530316800,34210516007
07/01/2018,1530403200,59842298209
07/02/2018,1530489600,86348485003
07/03/2018,1530576000,82063750329
07/04/2018,1530662400,59083789609
07/05/2018,1530748800,48722316331
07/06/2018,1530835200,70207114167
07/07/2018,1530921600,60236707195
07/08/2018,1531008000,35585852337
07/09/2018,1531094400,25829787141
07/10/2018,1531180800,21324119980
07/11/2018,1531267200,19054597794
07/12/2018,1531353600,29189063475
7/13/2018,1531440000,29846792155
7/14/2018,1531526400,57677945355
7/15/2018,1531612800,48216188725
7/16/2018,1531699200,18562899613
7/17/2018,1531785600,17548648323
7/18/2018,1531872000,15413432909
7/19/2018,1531958400,13033482562
7/20/2018,1532044800,15878840129
7/21/2018,1532131200,15826395751
7/22/2018,1532217600,11032570831
7/23/2018,1532304000,15546838989
7/24/2018,1532390400,15414715967
7/25/2018,1532476800,13351179160
7/26/2018,1532563200,12324821471
7/27/2018,1532649600,10745209264
7/28/2018,1532736000,11542424148
7/29/2018,1532822400,9257167474
7/30/2018,1532908800,10934695303
7/31/2018,1532995200,11023798202
08/01/2018,1533081600,36681296496
08/02/2018,1533168000,10200915813
08/03/2018,1533254400,10514159674
08/04/2018,1533340800,9924637420
08/05/2018,1533427200,8072326506
08/06/2018,1533513600,12535927147
08/07/2018,1533600000,25250639628
08/08/2018,1533686400,57398987243
08/09/2018,1533772800,53118840657
08/10/2018,1533859200,34476266415
08/11/2018,1533945600,14836056985
08/12/2018,1534032000,10976239504
8/13/2018,1534118400,14813774854
8/14/2018,1534204800,16051359286
8/15/2018,1534291200,15051933577
8/16/2018,1534377600,12638796914
8/17/2018,1534464000,39211744629
8/18/2018,1534550400,16113373784
8/19/2018,1534636800,14361319521
8/20/2018,1534723200,12426913415
8/21/2018,1534809600,13046942385
8/22/2018,1534896000,17019976734
8/23/2018,1534982400,14051914381
8/24/2018,1535068800,21501969162
8/25/2018,1535155200,11428670781
8/26/2018,1535241600,16106529314
8/27/2018,1535328000,12387120423
8/28/2018,1535414400,12808584631
8/29/2018,1535500800,17290135695
8/30/2018,1535587200,13559213793
8/31/2018,1535673600,14419214330
09/01/2018,1535760000,11043181909
09/02/2018,1535846400,10276825820
09/03/2018,1535932800,12111122355
09/04/2018,1536019200,13885223845
09/05/2018,1536105600,12606166478
09/06/2018,1536192000,14951867224
09/07/2018,1536278400,14734121984
09/08/2018,1536364800,12166983189
09/09/2018,1536451200,12538460676
09/10/2018,1536537600,13452874427
09/11/2018,1536624000,15682663024
09/12/2018,1536710400,16182751014
9/13/2018,1536796800,16645393282
9/14/2018,1536883200,14645624925
9/15/2018,1536969600,13261799419
9/16/2018,1537056000,13161379589
9/17/2018,1537142400,15406825205
9/18/2018,1537228800,25201881762
9/19/2018,1537315200,19871422869
9/20/2018,1537401600,15892963469
9/21/2018,1537488000,18242050701
9/22/2018,1537574400,14429730599
9/23/2018,1537660800,13141149214
9/24/2018,1537747200,16838604807
9/25/2018,1537833600,16972035503
9/26/2018,1537920000,16344658408
9/27/2018,1538006400,16744302672
9/28/2018,1538092800,18138439166
9/29/2018,1538179200,21874799566
9/30/2018,1538265600,16556363668
10/01/2018,1538352000,18941010255
10/02/2018,1538438400,19034870185
10/03/2018,1538524800,13248714205
10/04/2018,1538611200,13254100643
10/05/2018,1538697600,13568425987
10/06/2018,1538784000,9435830094
10/07/2018,1538870400,11769350664
10/08/2018,1538956800,14576687784
10/09/2018,1539043200,12984496071
10/10/2018,1539129600,15893091379
10/11/2018,1539216000,15385072382
10/12/2018,1539302400,29285035983
10/13/2018,1539388800,11594824099
10/14/2018,1539475200,11723908779
10/15/2018,1539561600,15629941859
10/16/2018,1539648000,12735518129
10/17/2018,1539734400,13443082264
10/18/2018,1539820800,13150134317
10/19/2018,1539907200,13701804233
10/20/2018,1539993600,13289407017
10/21/2018,1540080000,12030570166
10/22/2018,1540166400,13162272626
10/23/2018,1540252800,14521834338
10/24/2018,1540339200,15173388388
10/25/2018,1540425600,16014791521
10/26/2018,1540512000,16417658883
10/27/2018,1540598400,14137366445
10/28/2018,1540684800,12960915217
10/29/2018,1540771200,14943596679
10/30/2018,1540857600,14925838057
10/31/2018,1540944000,14904469017
11/01/2018,1541030400,14202259616
11/02/2018,1541116800,15183112207
11/03/2018,1541203200,16145620959
11/04/2018,1541289600,13064568368
11/05/2018,1541376000,16749446191
11/06/2018,1541462400,17333551729
11/07/2018,1541548800,16337162082
11/08/2018,1541635200,18892302279
11/09/2018,1541721600,15752819992
11/10/2018,1541808000,12031282399
11/11/2018,1541894400,10621852227
11/12/2018,1541980800,14368146227
11/13/2018,1542067200,15059123069
11/14/2018,1542153600,17416039750
11/15/2018,1542240000,18474728790
11/16/2018,1542326400,16120812190
11/17/2018,1542412800,13275250100
11/18/2018,1542499200,14895978165
11/19/2018,1542585600,17028262287
11/20/2018,1542672000,17960754304
11/21/2018,1542758400,15269813534
11/22/2018,1542844800,15007551180
11/23/2018,1542931200,15807815573
11/24/2018,1543017600,15420458863
11/25/2018,1543104000,16305637620
11/26/2018,1543190400,16319129861
11/27/2018,1543276800,14675345264
11/28/2018,1543363200,16292970940
11/29/2018,1543449600,20346219794
11/30/2018,1543536000,22652461526
12/01/2018,1543622400,17360683398
12/02/2018,1543708800,15744999974
12/03/2018,1543795200,17352151387
12/04/2018,1543881600,17192821913
12/05/2018,1543968000,17707618986
12/06/2018,1544054400,16361316325
12/07/2018,1544140800,16593133453
12/08/2018,1544227200,12334654966
12/09/2018,1544313600,11985499611
12/10/2018,1544400000,13943396527
12/11/2018,1544486400,14800362183
12/12/2018,1544572800,14460515241
12/13/2018,1544659200,17612949432
12/14/2018,1544745600,29183615469
12/15/2018,1544832000,12752651260
12/16/2018,1544918400,11777989321
12/17/2018,1545004800,13823213704
12/18/2018,1545091200,31672019232
12/19/2018,1545177600,15897547045
12/20/2018,1545264000,15781758963
12/21/2018,1545350400,15818617345
12/22/2018,1545436800,14021469358
12/23/2018,1545523200,14622664850
12/24/2018,1545609600,16608758417
12/25/2018,1545696000,14765402060
12/26/2018,1545782400,24477635489
12/27/2018,1545868800,13530493595
12/28/2018,1545955200,14151079675
12/29/2018,1546041600,12984151825
12/30/2018,1546128000,15843483124
12/31/2018,1546214400,13844116120
01/01/2019,1546300800,14330651283
01/02/2019,1546387200,13518333631
01/03/2019,1546473600,12695511480
01/04/2019,1546560000,14197164275
01/05/2019,1546646400,24120227063
01/06/2019,1546732800,13443565864
01/07/2019,1546819200,15727137336
01/08/2019,1546905600,13679045245
01/09/2019,1546992000,13525936033
01/10/2019,1547078400,15364969669
01/11/2019,1547164800,13631672273
01/12/2019,1547251200,12182668844
1/13/2019,1547337600,12299362181
1/14/2019,1547424000,19179700938
1/15/2019,1547510400,18403886289
1/16/2019,1547596800,20629866067
1/17/2019,1547683200,13639170146
1/18/2019,1547769600,14390713391
1/19/2019,1547856000,12427478085
1/20/2019,1547942400,12387866392
1/21/2019,1548028800,13567626739
1/22/2019,1548115200,18561474026
1/23/2019,1548201600,13308904468
1/24/2019,1548288000,14394162195
1/25/2019,1548374400,13857565780
1/26/2019,1548460800,12616710414
1/27/2019,1548547200,11788620538
1/28/2019,1548633600,15213901906
1/29/2019,1548720000,12439032644
1/30/2019,1548806400,13051979777
1/31/2019,1548892800,14209971121
02/01/2019,1548979200,13234562600
02/02/2019,1549065600,12000569516
02/03/2019,1549152000,11637460620
02/04/2019,1549238400,12082194503
02/05/2019,1549324800,12593215644
02/06/2019,1549411200,12593166346
02/07/2019,1549497600,14057368181
02/08/2019,1549584000,13310836398
02/09/2019,1549670400,12390959208
02/10/2019,1549756800,12847065310
02/11/2019,1549843200,13977805236
02/12/2019,1549929600,13012487105
2/13/2019,1550016000,13713241302
2/14/2019,1550102400,19148327564
2/15/2019,1550188800,14753437258
2/16/2019,1550275200,13510079150
2/17/2019,1550361600,13757940835
2/18/2019,1550448000,17094399315
2/19/2019,1550534400,3.73906E+11
2/20/2019,1550620800,16098676684
2/21/2019,1550707200,15306757881
2/22/2019,1550793600,14913439608
2/23/2019,1550880000,14039107293
2/24/2019,1550966400,16251853700
2/25/2019,1551052800,17020990610
2/26/2019,1551139200,17415861033
2/27/2019,1551225600,16334617513
2/28/2019,1551312000,18834674068
03/01/2019,1551398400,12974077284
03/02/2019,1551484800,12153807142
03/03/2019,1551571200,12061882513
03/04/2019,1551657600,12666122902
03/05/2019,1551744000,13496902482
03/06/2019,1551830400,14045984060
03/07/2019,1551916800,13740882181
03/08/2019,1552003200,13479470622
03/09/2019,1552089600,11957111022
03/10/2019,1552176000,12106103256
03/11/2019,1552262400,12484460496
03/12/2019,1552348800,12238102548
3/13/2019,1552435200,11704565023
3/14/2019,1552521600,11052545157
3/15/2019,1552608000,11016047852
3/16/2019,1552694400,10383394399
3/17/2019,1552780800,14577386112
3/18/2019,1552867200,1.95879E+11
3/19/2019,1552953600,13115885101
3/20/2019,1553040000,12179174942
3/21/2019,1553126400,13904796043
3/22/2019,1553212800,12584442788
3/23/2019,1553299200,10993968628
3/24/2019,1553385600,11003609358
3/25/2019,1553472000,12549223821
3/26/2019,1553558400,13059718677
3/27/2019,1553644800,13596847307
3/28/2019,1553731200,12197114669
3/29/2019,1553817600,12576130900
3/30/2019,1553904000,10413550419
3/31/2019,1553990400,10558447429
04/01/2019,1554076800,12552870066
04/02/2019,1554163200,13857811373
04/03/2019,1554249600,16783552076
04/04/2019,1554336000,13718910474
04/05/2019,1554422400,11844298751
04/06/2019,1554508800,10759382633
04/07/2019,1554595200,11332764771
04/08/2019,1554681600,12537949552
04/09/2019,1554768000,12040035380
04/10/2019,1554854400,15258127612
04/11/2019,1554940800,12499489602
04/12/2019,1555027200,11673635693
4/13/2019,1555113600,10652876605
4/14/2019,1555200000,10388886423
4/15/2019,1555286400,10617255578
4/16/2019,1555372800,10784749556
4/17/2019,1555459200,11272692912
4/18/2019,1555545600,11933245058
4/19/2019,1555632000,11036616753
4/20/2019,1555718400,8988625935
4/21/2019,1555804800,9504825894
4/22/2019,1555891200,10745867154
4/23/2019,1555977600,11225045012
4/24/2019,1556064000,12141527708
4/25/2019,1556150400,10528010066
4/26/2019,1556236800,12095560071
4/27/2019,1556323200,9632992552
4/28/2019,1556409600,9399212617
4/29/2019,1556496000,10356343230
4/30/2019,1556582400,10119622328
05/01/2019,1556668800,9786414125
05/02/2019,1556755200,40480290586
05/03/2019,1556841600,10997063020
05/04/2019,1556928000,10092628539
05/05/2019,1557014400,9698121519
05/06/2019,1557100800,10589774139
05/07/2019,1557187200,12582212961
05/08/2019,1557273600,10988087035
05/09/2019,1557360000,10636414510
05/10/2019,1557446400,11387738585
05/11/2019,1557532800,10905004770
05/12/2019,1557619200,10835160355
5/13/2019,1557705600,13689484729
5/14/2019,1557792000,13338733306
5/15/2019,1557878400,16275386400
5/16/2019,1557964800,21005575115
5/17/2019,1558051200,18212850135
5/18/2019,1558137600,14709151796
5/19/2019,1558224000,14046405891
5/20/2019,1558310400,15523993957
5/21/2019,1558396800,12949937514
5/22/2019,1558483200,16439389013
5/23/2019,1558569600,14469157604
5/24/2019,1558656000,15059891209
5/25/2019,1558742400,12137206615
5/26/2019,1558828800,10795166754
5/27/2019,1558915200,14709981473
5/28/2019,1559001600,15120065441
5/29/2019,1559088000,16609583268
5/30/2019,1559174400,17362707848
5/31/2019,1559260800,15875042148
06/01/2019,1559347200,13503119540
06/02/2019,1559433600,10838097166
06/03/2019,1559520000,13640935323
06/04/2019,1559606400,14336552294
06/05/2019,1559692800,14726678555
06/06/2019,1559779200,12778204456
06/07/2019,1559865600,13551596264
06/08/2019,1559952000,17865004622
06/09/2019,1560038400,11772205947
06/10/2019,1560124800,18767554680
06/11/2019,1560211200,15302451335
06/12/2019,1560297600,10704744804
6/13/2019,1560384000,12498549026
6/14/2019,1560470400,14507586823
6/15/2019,1560556800,16655327552
6/16/2019,1560643200,11744583227
6/17/2019,1560729600,18033291141
6/18/2019,1560816000,14140107747
6/19/2019,1560902400,15149051110
6/20/2019,1560988800,19171082160
6/21/2019,1561075200,13132476474
6/22/2019,1561161600,13079405563
6/23/2019,1561248000,12904678821
6/24/2019,1561334400,14343913979
6/25/2019,1561420800,18442820009
6/26/2019,1561507200,18226501386
6/27/2019,1561593600,20536617245
6/28/2019,1561680000,17836887762
6/29/2019,1561766400,14969393891
6/30/2019,1561852800,16147637271
07/01/2019,1561939200,19512205713
07/02/2019,1562025600,15735865298
07/03/2019,1562112000,13480141945
07/04/2019,1562198400,12364123019
07/05/2019,1562284800,14987264501
07/06/2019,1562371200,14142027457
07/07/2019,1562457600,11147195619
07/08/2019,1562544000,15397601493
07/09/2019,1562630400,13383300658
07/10/2019,1562716800,12326418288
07/11/2019,1562803200,17687551350
07/12/2019,1562889600,13888489542
7/13/2019,1562976000,11680585984
7/14/2019,1563062400,14577611095
7/15/2019,1563148800,14426857237
7/16/2019,1563235200,22122486062
7/17/2019,1563321600,19083353124
7/18/2019,1563408000,13195635523
7/19/2019,1563494400,17348942255
7/20/2019,1563580800,11840097601
7/21/2019,1563667200,12479706324
7/22/2019,1563753600,12142840638
7/23/2019,1563840000,13450918814
7/24/2019,1563926400,18814448444
7/25/2019,1564012800,17932204080
7/26/2019,1564099200,12838413297
7/27/2019,1564185600,11947823376
7/28/2019,1564272000,10847884346
7/29/2019,1564358400,12397806559
7/30/2019,1564444800,12981815912
7/31/2019,1564531200,13135247596
08/01/2019,1564617600,18322408906
08/02/2019,1564704000,14823555455
08/03/2019,1564790400,17617275530
08/04/2019,1564876800,10409458393
08/05/2019,1564963200,12210509054
08/06/2019,1565049600,12165349434
08/07/2019,1565136000,11738350907
08/08/2019,1565222400,12955325988
08/09/2019,1565308800,13282666611
08/10/2019,1565395200,12206554100
08/11/2019,1565481600,11603713466
08/12/2019,1565568000,12880972727
8/13/2019,1565654400,18843208007
8/14/2019,1565740800,12123884054
8/15/2019,1565827200,14148150754
8/16/2019,1565913600,12115168092
8/17/2019,1566000000,10569108357
8/18/2019,1566086400,11034378823
8/19/2019,1566172800,13799990972
8/20/2019,1566259200,13732033156
8/21/2019,1566345600,16137663683
8/22/2019,1566432000,14728994674
8/23/2019,1566518400,13885136910
8/24/2019,1566604800,12922493779
8/25/2019,1566691200,13825531935
8/26/2019,1566777600,17091718069
8/27/2019,1566864000,14643027992
8/28/2019,1566950400,14687429096
8/29/2019,1567036800,14972039939
8/30/2019,1567123200,14683175769
8/31/2019,1567209600,14081874858
09/01/2019,1567296000,14737729279
09/02/2019,1567382400,15926990579
09/03/2019,1567468800,14923674985
09/04/2019,1567555200,14800053906
09/05/2019,1567641600,18537447007
09/06/2019,1567728000,18511322392
09/07/2019,1567814400,17638675225
09/08/2019,1567900800,18529952052
09/09/2019,1567987200,20493754439
09/10/2019,1568073600,21909433505
09/11/2019,1568160000,21354287415
09/12/2019,1568246400,22875111264
9/13/2019,1568332800,22002957173
9/14/2019,1568419200,22838238246
9/15/2019,1568505600,22247768825
9/16/2019,1568592000,22828478879
9/17/2019,1568678400,26408295258
9/18/2019,1568764800,28400755958
9/19/2019,1568851200,29790611153
9/20/2019,1568937600,28547468411
9/21/2019,1569024000,23160146334
9/22/2019,1569110400,20620710292
9/23/2019,1569196800,25273983935
9/24/2019,1569283200,29005803910
9/25/2019,1569369600,34523331716
9/26/2019,1569456000,24844463848
9/27/2019,1569542400,25309113745
9/28/2019,1569628800,22571983572
9/29/2019,1569715200,23509644437
9/30/2019,1569801600,21698036057
10/01/2019,1569888000,14792630237
10/02/2019,1569974400,14784178819
10/03/2019,1570060800,16416641528
10/04/2019,1570147200,16620612726
10/05/2019,1570233600,15308020009
10/06/2019,1570320000,13863525470
10/07/2019,1570406400,14672557297
10/08/2019,1570492800,14792097829
10/09/2019,1570579200,16947877071
10/10/2019,1570665600,15841678706
10/11/2019,1570752000,15370015405
10/12/2019,1570838400,14536181143
10/13/2019,1570924800,15214219663
10/14/2019,1571011200,15219524599
10/15/2019,1571097600,15110469830
10/16/2019,1571184000,14449734443
10/17/2019,1571270400,14111516782
10/18/2019,1571356800,14295776270
10/19/2019,1571443200,14181262788
10/20/2019,1571529600,15579342674
10/21/2019,1571616000,15275793403
10/22/2019,1571702400,16354366795
10/23/2019,1571788800,18828418999
10/24/2019,1571875200,15247927380
10/25/2019,1571961600,16022315848
10/26/2019,1572048000,16003775608
10/27/2019,1572134400,14662908845
10/28/2019,1572220800,16063415762
10/29/2019,1572307200,16275212916
10/30/2019,1572393600,16158350778
10/31/2019,1572480000,15988367551
11/01/2019,1572566400,15357755865
11/02/2019,1572652800,14245599208
11/03/2019,1572739200,14596844718
11/04/2019,1572825600,15086847398
11/05/2019,1572912000,14471734891
11/06/2019,1572998400,13890291945
11/07/2019,1573084800,17205356282
11/08/2019,1573171200,14143518466
11/09/2019,1573257600,14334783126
11/10/2019,1573344000,13888122126
11/11/2019,1573430400,14764625146
11/12/2019,1573516800,14527702801
11/13/2019,1573603200,14942230244
11/14/2019,1573689600,15987898238
11/15/2019,1573776000,14426485520
11/16/2019,1573862400,13100698613
11/17/2019,1573948800,13599253833
11/18/2019,1574035200,21613413943
11/19/2019,1574121600,14275368805
11/20/2019,1574208000,15039835571
11/21/2019,1574294400,17827294565
11/22/2019,1574380800,23870653045
11/23/2019,1574467200,13470958455
11/24/2019,1574553600,13759387353
11/25/2019,1574640000,20123981060
11/26/2019,1574726400,16321234587
11/27/2019,1574812800,14460479877
11/28/2019,1574899200,14616747830
11/29/2019,1574985600,13456025432
11/30/2019,1575072000,13169970955
12/01/2019,1575158400,16157752499
12/02/2019,1575244800,15214773817
12/03/2019,1575331200,13985120429
12/04/2019,1575417600,13990237704
12/05/2019,1575504000,13294192486
12/06/2019,1575590400,13469631277
12/07/2019,1575676800,12143075170
12/08/2019,1575763200,9619578683
12/09/2019,1575849600,11586206259
12/10/2019,1575936000,12196873088
12/11/2019,1576022400,13193611413
12/12/2019,1576108800,12094101016
12/13/2019,1576195200,12025417709
12/14/2019,1576281600,11649625168
12/15/2019,1576368000,12379589133
12/16/2019,1576454400,13569145225
12/17/2019,1576540800,15434108069
12/18/2019,1576627200,16536921861
12/19/2019,1576713600,12757474902
12/20/2019,1576800000,12994689673
12/21/2019,1576886400,11587579022
12/22/2019,1576972800,11038288256
12/23/2019,1577059200,12723118611
12/24/2019,1577145600,11744086945
12/25/2019,1577232000,11924668484
12/26/2019,1577318400,11931708420
12/27/2019,1577404800,12102235247
12/28/2019,1577491200,11826353778
12/29/2019,1577577600,11250754288
12/30/2019,1577664000,11988751334
12/31/2019,1577750400,14031976089
01/01/2020,1577836800,11664054350
01/02/2020,1577923200,10566318855
01/03/2020,1578009600,11494907509
01/04/2020,1578096000,9665112896
01/05/2020,1578182400,9764148415
01/06/2020,1578268800,10997805904
01/07/2020,1578355200,10476977187
01/08/2020,1578441600,11402214882
01/09/2020,1578528000,10881434074
01/10/2020,1578614400,12318556369
01/11/2020,1578700800,11171702430
01/12/2020,1578787200,10928063165
1/13/2020,1578873600,11068867087
1/14/2020,1578960000,15755682033
1/15/2020,1579046400,11175554900
1/16/2020,1579132800,9897575973
1/17/2020,1579219200,10666145544
1/18/2020,1579305600,10821750721
1/19/2020,1579392000,10370811614
1/20/2020,1579478400,9628463648
1/21/2020,1579564800,9526614167
1/22/2020,1579651200,9941370322
1/23/2020,1579737600,8959850620
1/24/2020,1579824000,8301467582
1/25/2020,1579910400,7514852406
1/26/2020,1579996800,7320700832
1/27/2020,1580083200,8606813919
1/28/2020,1580169600,8449745457
1/29/2020,1580256000,8556877569
1/30/2020,1580342400,9069894645
1/31/2020,1580428800,8965856518
02/01/2020,1580515200,9214472279
02/02/2020,1580601600,9053826022
02/03/2020,1580688000,9835898300
02/04/2020,1580774400,11701932888
02/05/2020,1580860800,12407461484
02/06/2020,1580947200,12978312165
02/07/2020,1581033600,13091705996
02/08/2020,1581120000,11679918227
02/09/2020,1581206400,11228783936
02/10/2020,1581292800,11353255565
02/11/2020,1581379200,11193602823
02/12/2020,1581465600,12709993893
2/13/2020,1581552000,13279071654
2/14/2020,1581638400,12617650524
2/15/2020,1581724800,13115693731
2/16/2020,1581811200,12554000920
2/17/2020,1581897600,11971133911
2/18/2020,1581984000,11188045875
2/19/2020,1582070400,12083070512
2/20/2020,1582156800,12008669668
2/21/2020,1582243200,9495219870
2/22/2020,1582329600,10362297210
2/23/2020,1582416000,12958605117
2/24/2020,1582502400,12107326473
2/25/2020,1582588800,11691532540
2/26/2020,1582675200,14289989019
2/27/2020,1582761600,11864912418
2/28/2020,1582848000,11792525152
2/29/2020,1582934400,9999559185
03/01/2020,1583020800,10366775236
03/02/2020,1583107200,10060971157
03/03/2020,1583193600,10710921879
03/04/2020,1583280000,10913931285
03/05/2020,1583366400,11518999227
03/06/2020,1583452800,11201545592
03/07/2020,1583539200,10988477092
03/08/2020,1583625600,13029367486
03/09/2020,1583712000,14200494445
03/10/2020,1583798400,11528169360
03/11/2020,1583884800,12884305108
03/12/2020,1583971200,77903244661
3/13/2020,1584057600,84761822515
3/14/2020,1584144000,16662648149
3/15/2020,1584230400,14364979897
3/16/2020,1584316800,29714620709
3/17/2020,1584403200,18731740624
3/18/2020,1584489600,15707758551
3/19/2020,1584576000,18322233968
3/20/2020,1584662400,16360326781
3/21/2020,1584748800,12414614632
3/22/2020,1584835200,12942212470
3/23/2020,1584921600,14465400762
3/24/2020,1585008000,13687447647
3/25/2020,1585094400,13756761814
3/26/2020,1585180800,13022719834
3/27/2020,1585267200,12546794673
3/28/2020,1585353600,11413783523
3/29/2020,1585440000,11020301161
3/30/2020,1585526400,11884805218
3/31/2020,1585612800,13067204139
04/01/2020,1585699200,12158641023
04/02/2020,1585785600,13091171982
04/03/2020,1585872000,12546736213
04/04/2020,1585958400,10643758163
04/05/2020,1586044800,10421896817
04/06/2020,1586131200,14386395350
04/07/2020,1586217600,13013528020
04/08/2020,1586304000,11576580760
04/09/2020,1586390400,12277136032
04/10/2020,1586476800,12269003782
04/11/2020,1586563200,11327484697
04/12/2020,1586649600,9800432922
4/13/2020,1586736000,11939777888
4/14/2020,1586822400,12300384022
4/15/2020,1586908800,11635342378
4/16/2020,1586995200,15064682211
4/17/2020,1587081600,12248271015
4/18/2020,1587168000,12700922618
4/19/2020,1587254400,12031541144
4/20/2020,1587340800,13770276031
4/21/2020,1587427200,13970900436
4/22/2020,1587513600,14191692798
4/23/2020,1587600000,14371184956
4/24/2020,1587686400,13771090303
4/25/2020,1587772800,12538831783
4/26/2020,1587859200,13439926391
4/27/2020,1587945600,13918385493
4/28/2020,1588032000,13052985766
4/29/2020,1588118400,18452757606
4/30/2020,1588204800,23829583393
05/01/2020,1588291200,13888475283
05/02/2020,1588377600,11389301751
05/03/2020,1588464000,12521236484
05/04/2020,1588550400,14983023765
05/05/2020,1588636800,15502345363
05/06/2020,1588723200,17933308369
05/07/2020,1588809600,20866831524
05/08/2020,1588896000,20580766613
05/09/2020,1588982400,17823163632
05/10/2020,1589068800,30507432603
05/11/2020,1589155200,24022502727
05/12/2020,1589241600,27066815386
5/13/2020,1589328000,32980999573
5/14/2020,1589414400,41116263713
5/15/2020,1589500800,32000157331
5/16/2020,1589587200,25477191550
5/17/2020,1589673600,27103939904
5/18/2020,1589760000,36508693750
5/19/2020,1589846400,33240461791
5/20/2020,1589932800,36510632877
5/21/2020,1590019200,48851382307
5/22/2020,1590105600,35001330711
5/23/2020,1590192000,22171704727
5/24/2020,1590278400,29040279475
5/25/2020,1590364800,38094676834
5/26/2020,1590451200,37860437126
5/27/2020,1590537600,42827563449
5/28/2020,1590624000,39750197752
5/29/2020,1590710400,34983980235
5/30/2020,1590796800,33659377964
5/31/2020,1590883200,28385719806
06/01/2020,1590969600,32379485381
06/02/2020,1591056000,36613726636
06/03/2020,1591142400,29769950061
06/04/2020,1591228800,31888384257
06/05/2020,1591315200,32258089816
06/06/2020,1591401600,38721024282
06/07/2020,1591488000,40787069912
06/08/2020,1591574400,41524824461
06/09/2020,1591660800,37266087486
06/10/2020,1591747200,5.81876E+11
06/11/2020,1591833600,7.09708E+11
06/12/2020,1591920000,35616566860
6/13/2020,1592006400,29377910098
6/14/2020,1592092800,24230716812
6/15/2020,1592179200,43250992524
6/16/2020,1592265600,40533137609
6/17/2020,1592352000,42028712404
6/18/2020,1592438400,38424496007
6/19/2020,1592524800,39365512466
6/20/2020,1592611200,29553002666
6/21/2020,1592697600,29937373565
6/22/2020,1592784000,41302954545
6/23/2020,1592870400,45491287860
6/24/2020,1592956800,46589720161
6/25/2020,1593043200,42575132701
6/26/2020,1593129600,38176707953
6/27/2020,1593216000,36769845271
6/28/2020,1593302400,35078209646
6/29/2020,1593388800,39552762105
6/30/2020,1593475200,52294541588
07/01/2020,1593561600,47358992980
07/02/2020,1593648000,42603951322
07/03/2020,1593734400,44742407160
07/04/2020,1593820800,33268484751
07/05/2020,1593907200,31655035139
07/06/2020,1593993600,40437764877
07/07/2020,1594080000,40907231924
07/08/2020,1594166400,52093643866
07/09/2020,1594252800,47477907527
07/10/2020,1594339200,38637254876
07/11/2020,1594425600,33735159452
07/12/2020,1594512000,32085351933
7/13/2020,1594598400,50960828747
7/14/2020,1594684800,44351239353
7/15/2020,1594771200,51587477037
7/16/2020,1594857600,55735259161
7/17/2020,1594944000,58219936374
7/18/2020,1595030400,50656559485
7/19/2020,1595116800,54609003475
7/20/2020,1595203200,70536742504
7/21/2020,1595289600,75884344678
7/22/2020,1595376000,72342074874
7/23/2020,1595462400,81533077820
7/24/2020,1595548800,76416250014
7/25/2020,1595635200,82224184318
7/26/2020,1595721600,72868554221
7/27/2020,1595808000,96651241529
7/28/2020,1595894400,71667637214
7/29/2020,1595980800,74335028131
7/30/2020,1596067200,71596140466
7/31/2020,1596153600,78904447180
08/01/2020,1596240000,63846952921
08/02/2020,1596326400,79704212228
08/03/2020,1596412800,69980285209
08/04/2020,1596499200,59805862058
08/05/2020,1596585600,55170121710
08/06/2020,1596672000,60216328698
08/07/2020,1596758400,75118872696
08/08/2020,1596844800,68308662136
08/09/2020,1596931200,77549796325
08/10/2020,1597017600,1.18331E+11
08/11/2020,1597104000,1.30226E+11
08/12/2020,1597190400,2.23687E+11
8/13/2020,1597276800,2.63647E+11
8/14/2020,1597363200,2.14594E+11
8/15/2020,1597449600,1.2128E+11
8/16/2020,1597536000,1.03406E+11
8/17/2020,1597622400,1.15609E+11
8/18/2020,1597708800,1.32627E+11
8/19/2020,1597795200,1.38374E+11
8/20/2020,1597881600,1.1649E+11
8/21/2020,1597968000,1.61842E+11
8/22/2020,1598054400,1.07429E+11
8/23/2020,1598140800,86163918808
8/24/2020,1598227200,98937713405
8/25/2020,1598313600,1.10741E+11
8/26/2020,1598400000,93103481649
8/27/2020,1598486400,97826615038
8/28/2020,1598572800,93087752585
8/29/2020,1598659200,1.02908E+11
8/30/2020,1598745600,2.11899E+11
8/31/2020,1598832000,2.36124E+11
09/01/2020,1598918400,4.45945E+11
09/02/2020,1599004800,4.80096E+11
09/03/2020,1599091200,3.91331E+11
09/04/2020,1599177600,2.32291E+11
09/05/2020,1599264000,2.76608E+11
09/06/2020,1599350400,1.29483E+11
09/07/2020,1599436800,1.12638E+11
09/08/2020,1599523200,1.03775E+11
09/09/2020,1599609600,1.2049E+11
09/10/2020,1599696000,1.79315E+11
09/11/2020,1599782400,1.4723E+11
09/12/2020,1599868800,1.07403E+11
9/13/2020,1599955200,1.20533E+11
9/14/2020,1600041600,1.995E+11
9/15/2020,1600128000,1.86693E+11
9/16/2020,1600214400,1.52924E+11
9/17/2020,1600300800,5.38007E+11
9/18/2020,1600387200,3.18643E+11
9/19/2020,1600473600,1.7432E+11
9/20/2020,1600560000,1.3289E+11
9/21/2020,1600646400,1.76908E+11
9/22/2020,1600732800,1.59389E+11
9/23/2020,1600819200,1.28841E+11
9/24/2020,1600905600,1.09209E+11
9/25/2020,1600992000,1.02667E+11
9/26/2020,1601078400,83509486824
9/27/2020,1601164800,86032333679
9/28/2020,1601251200,1.21962E+11
9/29/2020,1601337600,1.53891E+11
9/30/2020,1601424000,1.19863E+11
10/01/2020,1601510400,1.00692E+11
10/02/2020,1601596800,93806763969
10/03/2020,1601683200,79724495395
10/04/2020,1601769600,83002261988
10/05/2020,1601856000,90700178586
10/06/2020,1601942400,1.09233E+11
10/07/2020,1602028800,85972225652
10/08/2020,1602115200,87114899986
10/09/2020,1602201600,80387358281
10/10/2020,1602288000,64197264627
10/11/2020,1602374400,49653860265
10/12/2020,1602460800,76063541206
10/13/2020,1602547200,75080099063
10/14/2020,1602633600,75643030426
10/15/2020,1602720000,74178882628
10/16/2020,1602806400,63068023041
10/17/2020,1602892800,36291623945
10/18/2020,1602979200,40183042347
10/19/2020,1603065600,56873119620
10/20/2020,1603152000,61935567910
10/21/2020,1603238400,74178258309
10/22/2020,1603324800,63311659678
10/23/2020,1603411200,58483044067
10/24/2020,1603497600,32203857762
10/25/2020,1603584000,33050174347
10/26/2020,1603670400,55960128939
10/27/2020,1603756800,43438225272
10/28/2020,1603843200,64546938423
10/29/2020,1603929600,68638448298
10/30/2020,1604016000,63336696249
10/31/2020,1604102400,40821601761
11/01/2020,1604188800,33958389367
11/02/2020,1604275200,59556293025
11/03/2020,1604361600,44994623512
11/04/2020,1604448000,36929765158
11/05/2020,1604534400,50351219255
11/06/2020,1604620800,59743475915
11/07/2020,1604707200,55699556300
11/08/2020,1604793600,29270287574
11/09/2020,1604880000,43036804081
11/10/2020,1604966400,50067322104
11/11/2020,1605052800,52469222811
11/12/2020,1605139200,58433082358
11/13/2020,1605225600,54834222262
11/14/2020,1605312000,34540619732
11/15/2020,1605398400,34544174003
11/16/2020,1605484800,47985935398
11/17/2020,1605571200,74866465876
11/18/2020,1605657600,80394403719
11/19/2020,1605744000,46783318521
11/20/2020,1605830400,68357121233
11/21/2020,1605916800,66371016498
11/22/2020,1606003200,62695231579
11/23/2020,1606089600,76578870525
11/24/2020,1606176000,93649625593
11/25/2020,1606262400,61060602390
11/26/2020,1606348800,1.42518E+11
11/27/2020,1606435200,45168615208
11/28/2020,1606521600,34986023055
11/29/2020,1606608000,30780782615
11/30/2020,1606694400,78983988030
12/01/2020,1606780800,87210450983
12/02/2020,1606867200,44017238565
12/03/2020,1606953600,47047850997
12/04/2020,1607040000,54133415152
12/05/2020,1607126400,37247774997
12/06/2020,1607212800,36457991314
12/07/2020,1607299200,50119786947
12/08/2020,1607385600,64453892343
12/09/2020,1607472000,65315353811
12/10/2020,1607558400,56230297216
12/11/2020,1607644800,63672809905
12/12/2020,1607731200,42794623984
12/13/2020,1607817600,45496784769
12/14/2020,1607904000,63655438361
12/15/2020,1607990400,84560575140
12/16/2020,1608076800,83601467306
12/17/2020,1608163200,1.38818E+11
12/18/2020,1608249600,74197672209
12/19/2020,1608336000,70165553145
12/20/2020,1608422400,44525185130
12/21/2020,1608508800,80001622383
12/22/2020,1608595200,66555945514
12/23/2020,1608681600,1.08363E+11
12/24/2020,1608768000,89685037081
12/25/2020,1608854400,91695148943
12/26/2020,1608940800,66456740443
12/27/2020,1609027200,98656135135
12/28/2020,1609113600,1.1419E+11
12/29/2020,1609200000,96068312188
12/30/2020,1609286400,1.13635E+11
12/31/2020,1609372800,99481529136
01/01/2021,1609459200,66560418720
01/02/2021,1609545600,1.02606E+11
01/03/2021,1609632000,1.70448E+11
01/04/2021,1609718400,2.59309E+11
01/05/2021,1609804800,1.38144E+11
01/06/2021,1609891200,1.2511E+11
01/07/2021,1609977600,1.33169E+11
01/08/2021,1610064000,1.39786E+11
01/09/2021,1610150400,92563339823
01/10/2021,1610236800,87310659101
01/11/2021,1610323200,2.38075E+11
01/12/2021,1610409600,87031984990
1/13/2021,1610496000,67945681638
1/14/2021,1610582400,85478387564
1/15/2021,1610668800,94274611075
1/16/2021,1610755200,81160820583
1/17/2021,1610841600,63895643119
1/18/2021,1610928000,75294263372
1/19/2021,1611014400,1.0088E+11
1/20/2021,1611100800,83504044289
1/21/2021,1611187200,1.21059E+11
1/22/2021,1611273600,1.31622E+11
1/23/2021,1611360000,80179001262
1/24/2021,1611446400,81094537437
1/25/2021,1611532800,1.08165E+11
1/26/2021,1611619200,85152958296
1/27/2021,1611705600,1.00001E+11
1/28/2021,1611792000,94810705889
1/29/2021,1611878400,1.40718E+11
1/30/2021,1611964800,1.1328E+11
1/31/2021,1612051200,1.28793E+11
02/01/2021,1612137600,1.5367E+11
02/02/2021,1612224000,1.75725E+11
02/03/2021,1612310400,1.73453E+11
02/04/2021,1612396800,2.32624E+11
02/05/2021,1612483200,2.52332E+11
02/06/2021,1612569600,1.7964E+11
02/07/2021,1612656000,1.6007E+11
02/08/2021,1612742400,2.12876E+11
02/09/2021,1612828800,2.33574E+11
02/10/2021,1612915200,2.13089E+11
02/11/2021,1613001600,1.75207E+11
02/12/2021,1613088000,1.80073E+11
2/13/2021,1613174400,1.88806E+11
2/14/2021,1613260800,1.50406E+11
2/15/2021,1613347200,1.78715E+11
2/16/2021,1613433600,1.7304E+11
2/17/2021,1613520000,1.73353E+11
2/18/2021,1613606400,1.83087E+11
2/19/2021,1613692800,1.86186E+11
2/20/2021,1613779200,2.01536E+11
2/21/2021,1613865600,1.44972E+11
2/22/2021,1613952000,2.72678E+11
2/23/2021,1614038400,3.73797E+11
2/24/2021,1614124800,2.10131E+11
2/25/2021,1614211200,1.65094E+11
2/26/2021,1614297600,1.58443E+11
2/27/2021,1614384000,1.18466E+11
2/28/2021,1614470400,1.17852E+11
03/01/2021,1614556800,1.18599E+11
03/02/2021,1614643200,1.24935E+11
03/03/2021,1614729600,1.30986E+11
03/04/2021,1614816000,1.12789E+11
03/05/2021,1614902400,1.37794E+11
03/06/2021,1614988800,99200636716
03/07/2021,1615075200,1.32473E+11
03/08/2021,1615161600,1.3716E+11
03/09/2021,1615248000,1.4039E+11
03/10/2021,1615334400,1.34144E+11
03/11/2021,1615420800,1.32247E+11
03/12/2021,1615507200,1.7178E+11
3/13/2021,1615593600,1.62674E+11
3/14/2021,1615680000,1.49069E+11
3/15/2021,1615766400,1.89463E+11
3/16/2021,1615852800,1.88701E+11
3/17/2021,1615939200,1.93802E+11
3/18/2021,1616025600,1.77581E+11
3/19/2021,1616112000,1.588E+11
3/20/2021,1616198400,1.41123E+11
3/21/2021,1616284800,1.38089E+11
3/22/2021,1616371200,1.87502E+11
3/23/2021,1616457600,1.63877E+11
3/24/2021,1616544000,1.76581E+11
3/25/2021,1616630400,1.79095E+11
3/26/2021,1616716800,1.45287E+11
3/27/2021,1616803200,1.18833E+11
3/28/2021,1616889600,1.24093E+11
3/29/2021,1616976000,1.5049E+11
3/30/2021,1617062400,1.67319E+11
3/31/2021,1617148800,2.10893E+11
04/01/2021,1617235200,1.9187E+11
04/02/2021,1617321600,1.86231E+11
04/03/2021,1617408000,1.46063E+11
04/04/2021,1617494400,1.12039E+11
04/05/2021,1617580800,1.48795E+11
04/06/2021,1617667200,1.53266E+11
04/07/2021,1617753600,1.53648E+11
04/08/2021,1617840000,1.24438E+11
04/09/2021,1617926400,1.18855E+11
04/10/2021,1618012800,98446127075
04/11/2021,1618099200,85229481055
04/12/2021,1618185600,1.09282E+11
4/13/2021,1618272000,1.20271E+11
4/14/2021,1618358400,1.37756E+11
4/15/2021,1618444800,1.05014E+11
4/16/2021,1618531200,1.83796E+11
4/17/2021,1618617600,1.44966E+11
4/18/2021,1618704000,1.70181E+11
4/19/2021,1618790400,1.95798E+11
4/20/2021,1618876800,2.6551E+11
4/21/2021,1618963200,1.66325E+11
4/22/2021,1619049600,1.40016E+11
4/23/2021,1619136000,1.24223E+11
4/24/2021,1619222400,67652388873
4/25/2021,1619308800,55417762177
4/26/2021,1619395200,62694725054
4/27/2021,1619481600,66938145405
4/28/2021,1619568000,79191609660
4/29/2021,1619654400,71836786969
4/30/2021,1619740800,56781903115
05/01/2021,1619827200,59677504645
05/02/2021,1619913600,43095065217
05/03/2021,1620000000,66900438914
05/04/2021,1620086400,69098834782
05/05/2021,1620172800,59385330566
05/06/2021,1620259200,65942349676
05/07/2021,1620345600,68346008307
05/08/2021,1620432000,1.39808E+11
05/09/2021,1620518400,1.30672E+11
05/10/2021,1620604800,2.38385E+11
05/11/2021,1620691200,2.98765E+11
05/12/2021,1620777600,2.81829E+11
5/13/2021,1620864000,1.70567E+11
5/14/2021,1620950400,1.28797E+11
5/15/2021,1621036800,93121194895
5/16/2021,1621123200,81298825948
5/17/2021,1621209600,95485853591
5/18/2021,1621296000,88032574764
5/19/2021,1621382400,2.98784E+11
5/20/2021,1621468800,1.26958E+11
5/21/2021,1621555200,1.14601E+11
5/22/2021,1621641600,56329952594
5/23/2021,1621728000,1.43673E+11
5/24/2021,1621814400,68467808560
5/25/2021,1621900800,51922095681
5/26/2021,1621987200,50146189154
5/27/2021,1622073600,39437129759
5/28/2021,1622160000,40891552216
5/29/2021,1622246400,32976768948
5/30/2021,1622332800,28081052885
5/31/2021,1622419200,32279087412
06/01/2021,1622505600,29750836207
06/02/2021,1622592000,32350651721
06/03/2021,1622678400,33572372136
06/04/2021,1622764800,28918775826
06/05/2021,1622851200,22233993451
06/06/2021,1622937600,19356063389
06/07/2021,1623024000,24527732392
06/08/2021,1623110400,32504193436
06/09/2021,1623196800,27685890070
06/10/2021,1623283200,23897393010
06/11/2021,1623369600,25834690110
06/12/2021,1623456000,23189790716
6/13/2021,1623542400,17507233384
6/14/2021,1623628800,22658681944
6/15/2021,1623715200,23075725137
6/16/2021,1623801600,22743300318
6/17/2021,1623888000,24807002704
6/18/2021,1623974400,24274221643
6/19/2021,1624060800,18577786601
6/20/2021,1624147200,20783797940
6/21/2021,1624233600,46590886180
6/22/2021,1624320000,73163723292
6/23/2021,1624406400,25285766550
6/24/2021,1624492800,22090212482
6/25/2021,1624579200,28010226315
6/26/2021,1624665600,18761864623
6/27/2021,1624752000,25645892227
6/28/2021,1624838400,23714125368
6/29/2021,1624924800,26266202579
6/30/2021,1625011200,32002625993
07/01/2021,1625097600,25133110011
07/02/2021,1625184000,20722209911
07/03/2021,1625270400,18841863418
07/04/2021,1625356800,16413877925
07/05/2021,1625443200,20318933757
07/06/2021,1625529600,54871815247
07/07/2021,1625616000,40369381391
07/08/2021,1625702400,37478388049
07/09/2021,1625788800,30266605013
07/10/2021,1625875200,18988461455
07/11/2021,1625961600,15796724325
07/12/2021,1626048000,30407815045
7/13/2021,1626134400,32450026038
7/14/2021,1626220800,45974504881
7/15/2021,1626307200,45196906108
7/16/2021,1626393600,42029589044
7/17/2021,1626480000,29976286417
7/18/2021,1626566400,30497194578
7/19/2021,1626652800,30440382000
7/20/2021,1626739200,35422941438
7/21/2021,1626825600,27173423658
7/22/2021,1626912000,33177581738
7/23/2021,1626998400,35451146095
7/24/2021,1627084800,24896279188
7/25/2021,1627171200,23442307403
7/26/2021,1627257600,42016473026
7/27/2021,1627344000,40656771727
7/28/2021,1627430400,46698873266
7/29/2021,1627516800,34329937499
7/30/2021,1627603200,39490647512
7/31/2021,1627689600,44287844806
08/01/2021,1627776000,39568132114
08/02/2021,1627862400,44396980231
08/03/2021,1627948800,48965615995
08/04/2021,1628035200,45772397433
08/05/2021,1628121600,64498157332
08/06/2021,1628208000,54095411950
08/07/2021,1628294400,53823017552
08/08/2021,1628380800,50740583150
08/09/2021,1628467200,62245603314
08/10/2021,1628553600,65215176708
08/11/2021,1628640000,67302786720
08/12/2021,1628726400,58916336779
8/13/2021,1628812800,62916929886
8/14/2021,1628899200,53617974436
8/15/2021,1628985600,62553842764
8/16/2021,1629072000,61227895718
8/17/2021,1629158400,57136391227
8/18/2021,1629244800,53671161049
8/19/2021,1629331200,51748682012
8/20/2021,1629417600,48398307664
8/21/2021,1629504000,40395653415
8/22/2021,1629590400,40824934168
8/23/2021,1629676800,67801123728
8/24/2021,1629763200,86798598845
8/25/2021,1629849600,1.02282E+11
8/26/2021,1629936000,97977717090
8/27/2021,1630022400,1.21233E+11
8/28/2021,1630108800,89483984349
8/29/2021,1630195200,1.00686E+11
8/30/2021,1630281600,1.14339E+11
8/31/2021,1630368000,1.21468E+11
09/01/2021,1630454400,1.36213E+11
09/02/2021,1630540800,1.17151E+11
09/03/2021,1630627200,1.59342E+11
09/04/2021,1630713600,1.27147E+11
09/05/2021,1630800000,1.16327E+11
09/06/2021,1630886400,1.24071E+11
09/07/2021,1630972800,2.13999E+11
09/08/2021,1631059200,1.56645E+11
09/09/2021,1631145600,1.51691E+11
09/10/2021,1631232000,1.07414E+11
09/11/2021,1631318400,70547078252
09/12/2021,1631404800,66302908949
9/13/2021,1631491200,1.06664E+11
9/14/2021,1631577600,74476216590
9/15/2021,1631664000,75053250319
9/16/2021,1631750400,89060409614
9/17/2021,1631836800,80831792329
9/18/2021,1631923200,57959970897
9/19/2021,1632009600,65198396168
9/20/2021,1632096000,93627396666
9/21/2021,1632182400,1.06504E+11
9/22/2021,1632268800,73923487712
9/23/2021,1632355200,91230950648
9/24/2021,1632441600,78526866487
9/25/2021,1632528000,50962187650
9/26/2021,1632614400,71250486571
9/27/2021,1632700800,1.38455E+11
9/28/2021,1632787200,95008647483
9/29/2021,1632873600,83688301230
9/30/2021,1632960000,1.07078E+11
10/01/2021,1633046400,93359939426
10/02/2021,1633132800,68628077449
10/03/2021,1633219200,65821653497
10/04/2021,1633305600,1.05762E+11
10/05/2021,1633392000,1.30495E+11
10/06/2021,1633478400,1.50035E+11
10/07/2021,1633564800,1.51976E+11
10/08/2021,1633651200,1.26366E+11
10/09/2021,1633737600,84647984176
10/10/2021,1633824000,86179335901
10/11/2021,1633910400,1.14272E+11
10/12/2021,1633996800,97930380585
10/13/2021,1634083200,1.08522E+11
10/14/2021,1634169600,1.38988E+11
10/15/2021,1634256000,1.52666E+11
10/16/2021,1634342400,90967356392
10/17/2021,1634428800,80516798136
10/18/2021,1634515200,1.13414E+11
10/19/2021,1634601600,79599322886
10/20/2021,1634688000,87248508777
10/21/2021,1634774400,1.00283E+11
10/22/2021,1634860800,91861894977
10/23/2021,1634947200,71610688632
10/24/2021,1635033600,80106768615
10/25/2021,1635120000,1.04407E+11
10/26/2021,1635206400,1.31867E+11
10/27/2021,1635292800,1.77194E+11
10/28/2021,1635379200,1.98026E+11
10/29/2021,1635465600,1.83859E+11
10/30/2021,1635552000,1.71249E+11
10/31/2021,1635638400,1.57063E+11
11/01/2021,1635724800,1.66951E+11
11/02/2021,1635811200,1.84007E+11
11/03/2021,1635897600,1.70817E+11
11/04/2021,1635984000,1.53495E+11
11/05/2021,1636070400,1.4136E+11
11/06/2021,1636156800,1.18059E+11
11/07/2021,1636243200,1.04335E+11
11/08/2021,1636329600,1.33383E+11
11/09/2021,1636416000,1.8138E+11
11/10/2021,1636502400,1.739E+11
11/11/2021,1636588800,1.6706E+11
11/12/2021,1636675200,1.54766E+11
11/13/2021,1636761600,1.36558E+11
11/14/2021,1636848000,1.1846E+11
11/15/2021,1636934400,1.5957E+11
11/16/2021,1637020800,1.50734E+11
11/17/2021,1637107200,1.37442E+11
11/18/2021,1637193600,1.496E+11
11/19/2021,1637280000,1.27112E+11
11/20/2021,1637366400,1.09744E+11
11/21/2021,1637452800,1.12072E+11
11/22/2021,1637539200,1.51883E+11
11/23/2021,1637625600,1.40451E+11
11/24/2021,1637712000,1.36329E+11
11/25/2021,1637798400,1.29484E+11
11/26/2021,1637884800,1.20296E+11
11/27/2021,1637971200,1.26865E+11
11/28/2021,1638057600,1.19118E+11
11/29/2021,1638144000,1.28926E+11
11/30/2021,1638230400,1.42425E+11
12/01/2021,1638316800,1.44591E+11
12/02/2021,1638403200,1.19052E+11
12/03/2021,1638489600,1.14445E+11
12/04/2021,1638576000,1.55783E+11
12/05/2021,1638662400,1.09899E+11
12/06/2021,1638748800,1.12817E+11
12/07/2021,1638835200,98725355074
12/08/2021,1638921600,85591237374
12/09/2021,1639008000,88232234277
12/10/2021,1639094400,89030753907
12/11/2021,1639180800,78350083431
12/12/2021,1639267200,65953683938
12/13/2021,1639353600,88677536111
12/14/2021,1639440000,83572369835
12/15/2021,1639526400,92325564544
12/16/2021,1639612800,1.01523E+11
12/17/2021,1639699200,1.13248E+11
12/18/2021,1639785600,68559014804
12/19/2021,1639872000,62055391544
12/20/2021,1639958400,71513752132
12/21/2021,1640044800,71133181120
12/22/2021,1640131200,81724114577
12/23/2021,1640217600,90020348396
12/24/2021,1640304000,75729336544
12/25/2021,1640390400,73519109194
12/26/2021,1640476800,58587455926
12/27/2021,1640563200,82343259279
12/28/2021,1640649600,1.06487E+11
12/29/2021,1640736000,1.27732E+11
12/30/2021,1640822400,1.14739E+11
12/31/2021,1640908800,97138220230
01/01/2022,1640995200,81360644849
01/02/2022,1641081600,1.00588E+11
01/03/2022,1641168000,1.07823E+11
01/04/2022,1641254400,1.33173E+11
01/05/2022,1641340800,1.49287E+11
01/06/2022,1641427200,1.37789E+11
01/07/2022,1641513600,1.53392E+11
01/08/2022,1641600000,1.21244E+11
01/09/2022,1641686400,1.57992E+11
01/10/2022,1641772800,2.18548E+11
01/11/2022,1641859200,1.84658E+11
01/12/2022,1641945600,1.94998E+11
1/13/2022,1642032000,1.66673E+11
1/14/2022,1642118400,1.91211E+11
1/15/2022,1642204800,1.39006E+11
1/16/2022,1642291200,1.32861E+11
1/17/2022,1642377600,1.54217E+11
1/18/2022,1642464000,1.24366E+11
1/19/2022,1642550400,1.32188E+11
1/20/2022,1642636800,1.47949E+11
1/21/2022,1642723200,1.85589E+11
1/22/2022,1642809600,1.65352E+11
1/23/2022,1642896000,1.25482E+11
1/24/2022,1642982400,1.42049E+11
1/25/2022,1643068800,1.46783E+11
1/26/2022,1643155200,1.44648E+11
1/27/2022,1643241600,1.5495E+11
1/28/2022,1643328000,1.40464E+11
1/29/2022,1643414400,1.19869E+11
1/30/2022,1643500800,1.34344E+11
1/31/2022,1643587200,1.22793E+11
02/01/2022,1643673600,1.55363E+11
02/02/2022,1643760000,1.58622E+11
02/03/2022,1643846400,1.22791E+11
02/04/2022,1643932800,1.0934E+11
02/05/2022,1644019200,1.10654E+11
02/06/2022,1644105600,76760714510
02/07/2022,1644192000,1.19522E+11
02/08/2022,1644278400,92775066553
02/09/2022,1644364800,97129048063
02/10/2022,1644451200,1.18793E+11
02/11/2022,1644537600,77826197326
02/12/2022,1644624000,68845159278
2/13/2022,1644710400,59461576044
2/14/2022,1644796800,65878165715
2/15/2022,1644883200,80874247205
2/16/2022,1644969600,85651527834
2/17/2022,1645056000,77359572225
2/18/2022,1645142400,99672209984
2/19/2022,1645228800,78329414509
2/20/2022,1645315200,71638077716
2/21/2022,1645401600,93449422300
2/22/2022,1645488000,88855949080
2/23/2022,1645574400,96963987483
2/24/2022,1645660800,91585153455
2/25/2022,1645747200,68352032145
2/26/2022,1645833600,55689206304
2/27/2022,1645920000,46808949175
2/28/2022,1646006400,74184332108
03/01/2022,1646092800,61807690726
03/02/2022,1646179200,57233821035
03/03/2022,1646265600,51820526521
03/04/2022,1646352000,50027808157
03/05/2022,1646438400,39105900797
03/06/2022,1646524800,51787695696
03/07/2022,1646611200,44752346436
03/08/2022,1646697600,49331425559
03/09/2022,1646784000,40816198152
03/10/2022,1646870400,36484913763
03/11/2022,1646956800,35326134376
03/12/2022,1647043200,26293915463
3/13/2022,1647129600,41621884402
3/14/2022,1647216000,35171107807
3/15/2022,1647302400,40481002846
3/16/2022,1647388800,43774422429
3/17/2022,1647475200,77108651531
3/18/2022,1647561600,72594322453
3/19/2022,1647648000,33680173978
3/20/2022,1647734400,29275876248
3/21/2022,1647820800,37355945670
3/22/2022,1647907200,46983693447
3/23/2022,1647993600,40602858000
3/24/2022,1648080000,53355636800
3/25/2022,1648166400,48970434712
3/26/2022,1648252800,34689925385
3/27/2022,1648339200,55419043357
3/28/2022,1648425600,82452707160
3/29/2022,1648512000,50438131665
3/30/2022,1648598400,56313897422
3/31/2022,1648684800,55283697798
04/01/2022,1648771200,68577599578
04/02/2022,1648857600,62407665341
04/03/2022,1648944000,55065336602
04/04/2022,1649030400,68717823808
04/05/2022,1649116800,96816494014
04/06/2022,1649203200,62788787351
04/07/2022,1649289600,75351242378
04/08/2022,1649376000,59575919037
04/09/2022,1649462400,38308158477
04/10/2022,1649548800,47810675357
04/11/2022,1649635200,49652220938
04/12/2022,1649721600,50425290071
4/13/2022,1649808000,50926241086
4/14/2022,1649894400,53368293835
4/15/2022,1649980800,43144386684
4/16/2022,1650067200,38595586042
4/17/2022,1650153600,32925135938
4/18/2022,1650240000,40280573508
4/19/2022,1650326400,44424544153
4/20/2022,1650412800,71905804866
4/21/2022,1650499200,65083468948
4/22/2022,1650585600,61133071452
4/23/2022,1650672000,35929743755
4/24/2022,1650758400,35954621598
